RefCode,SpecimenID,SampleID,Organism,CommonName,Sex,Tissue,Stage,SVL_mm,BodyMass_g,CollectionSite,CollectionDate,Status,Provider,library_ID,library_strategy,library_source,library_selection,library_layout,platform,technique,instrument_model,filetype,filename1,filename2,SRA
1,Lari_226882,Lari_226882.Gonad,Lacerta aridensis,Arid Sand Dragon,male,gonad,embryo,15.5,0.94,"Broken Hill, NSW",2020-12-24,completed,SeqCore_Brisbane,Lari001_ATTTTT_L002,RNA-Seq,TRANSCRIPTOMIC,PolyA,PAIRED,ILLUMINA,RNASEQ,HiSeq 2500,fastq,Lari001_ATTTTT_L002_R1_001.fastq.gz,Lari001_ATTTTT_L002_R2_001.fastq.gz,SRR74606833
2,Mspi_806073,Mspi_806073.Brain,Morelia spinifex,Spinifex Python,male,brain,embryo,21.0,1.24,"Cape York, QLD",2020-11-19,completed,GenomicsHub_Sydney,Mspi002_AGGTAT_L001,RNA-Seq,TRANSCRIPTOMIC,PolyA,PAIRED,ILLUMINA,RNASEQ,NovaSeq 6000,fastq,Mspi002_AGGTAT_L001_R1_001.fastq.gz,Mspi002_AGGTAT_L001_R2_001.fastq.gz,SRR19196777
3,Lari_639131,Lari_639131.Gonad,Lacerta aridensis,Arid Sand Dragon,male,gonad,hatchling,33.8,2.83,"Kakadu NP, NT",2018-10-26,completed,SeqCore_Brisbane,Lari003_CTTAGG_L001,RNA-Seq,TRANSCRIPTOMIC,PolyA,PAIRED,ILLUMINA,RNASEQ,NextSeq 500,fastq,Lari003_CTTAGG_L001_R1_001.fastq.gz,Lari003_CTTAGG_L001_R2_001.fastq.gz,
4,Gmon_203198,Gmon_203198.Gonad,Gehyra montanus,Mountain Gecko,female,gonad,embryo,10.3,0.5,"Kakadu NP, NT",2016-11-09,completed,NovaTech_Adelaide,Gmon004_AAGCGG_L002,HiC,GENOMIC,restriction digest,PAIRED,ILLUMINA,HiC,NovaSeq 6000,fastq,Gmon004_AAGCGG_L002_R1_001.fastq.gz,Gmon004_AAGCGG_L002_R2_001.fastq.gz,SRR45431319
5,Lari_781446,Lari_781446.Brain,Lacerta aridensis,Arid Sand Dragon,female,brain,embryo,29.1,1.36,"Mitchell River, QLD",2017-03-26,completed,NovaTech_Adelaide,Lari005_TGAACT_L001,RNA-Seq,TRANSCRIPTOMIC,PolyA,PAIRED,ILLUMINA,RNASEQ,NovaSeq 6000,fastq,Lari005_TGAACT_L001_R1_001.fastq.gz,Lari005_TGAACT_L001_R2_001.fastq.gz,SRR38195995
6,Lari_491559,Lari_491559.Liver,Lacerta aridensis,Arid Sand Dragon,female,liver,embryo,18.7,2.3,"Lake Eyre, SA",2019-11-17,completed,SeqLab_Melbourne,Lari006_AGCACA_L004,RNA-Seq,TRANSCRIPTOMIC,PolyA,PAIRED,ILLUMINA,RNASEQ,NovaSeq 6000,fastq,Lari006_AGCACA_L004_R1_001.fastq.gz,Lari006_AGCACA_L004_R2_001.fastq.gz,
7,Lari_330914,Lari_330914.Brain,Lacerta aridensis,Arid Sand Dragon,male,brain,adult,195.4,9.41,"Daintree River, QLD",2015-11-11,completed,SeqCore_Brisbane,Lari007_GCTCTA_L002,RNA-Seq,TRANSCRIPTOMIC,PolyA,PAIRED,ILLUMINA,RNASEQ,NovaSeq 6000,fastq,Lari007_GCTCTA_L002_R1_001.fastq.gz,Lari007_GCTCTA_L002_R2_001.fastq.gz,
8,Lari_801474,Lari_801474.Gonad,Lacerta aridensis,Arid Sand Dragon,female,gonad,adult,206.8,15.68,"Tanami Desert, NT",2016-11-03,completed,GenomicsHub_Sydney,Lari008_GAGCGA_L003,RNA-Seq,TRANSCRIPTOMIC,PolyA,PAIRED,ILLUMINA,RNASEQ,HiSeq 2500,fastq,Lari008_GAGCGA_L003_R1_001.fastq.gz,Lari008_GAGCGA_L003_R2_001.fastq.gz,SRR10054484
9,Lari_167136,Lari_167136.Gonad,Lacerta aridensis,Arid Sand Dragon,male,gonad,embryo,16.5,0.5,"Mungo NP, NSW",2016-12-17,completed,GenomicsHub_Sydney,Lari009_AACTAC_L002,RNA-Seq,TRANSCRIPTOMIC,PolyA,PAIRED,ILLUMINA,RNASEQ,NovaSeq 6000,fastq,Lari009_AACTAC_L002_R1_001.fastq.gz,Lari009_AACTAC_L002_R2_001.fastq.gz,SRR61536717
10,Lari_761759,Lari_761759.Gonad,Lacerta aridensis,Arid Sand Dragon,female,gonad,embryo,16.6,0.5,"Cape York, QLD",2018-04-09,completed,GenomicsHub_Sydney,Lari010_TTGGGT_L004,RNA-Seq,TRANSCRIPTOMIC,PolyA,PAIRED,ILLUMINA,RNASEQ,NextSeq 500,fastq,Lari010_TTGGGT_L004_R1_001.fastq.gz,Lari010_TTGGGT_L004_R2_001.fastq.gz,SRR73709724
11,Lari_716886,Lari_716886.Gonad,Lacerta aridensis,Arid Sand Dragon,male,gonad,embryo,22.0,0.5,"Broken Hill, NSW",2022-10-08,completed,GenomicsHub_Sydney,Lari011_CCATCT_L001,RNA-Seq,TRANSCRIPTOMIC,RANDOM,PAIRED,ILLUMINA,RNASEQ,HiSeq 2500,fastq,Lari011_CCATCT_L001_R1_001.fastq.gz,Lari011_CCATCT_L001_R2_001.fastq.gz,SRR87267850
12,Eflu_198907,Eflu_198907.Gonad,Emydura fluvialis,Creek Short-neck,male,gonad,embryo,8.4,1.53,"Litchfield NP, NT",2015-08-01,completed,GenomicsHub_Sydney,Eflu012_TGGACT_L002,RNA-Seq,TRANSCRIPTOMIC,PolyA,PAIRED,ILLUMINA,RNASEQ,NovaSeq 6000,fastq,Eflu012_TGGACT_L002_R1_001.fastq.gz,Eflu012_TGGACT_L002_R2_001.fastq.gz,
13,Lari_446479,Lari_446479.Gonad,Lacerta aridensis,Arid Sand Dragon,male,gonad,hatchling,46.5,5.99,"Mungo NP, NSW",2023-11-13,completed,SeqLab_Melbourne,Lari013_GACATC_L003,RNA-Seq,TRANSCRIPTOMIC,PolyA,PAIRED,ILLUMINA,RNASEQ,NovaSeq 6000,fastq,Lari013_GACATC_L003_R1_001.fastq.gz,Lari013_GACATC_L003_R2_001.fastq.gz,SRR32520277
14,Lari_330914,Lari_330914.Heart,Lacerta aridensis,Arid Sand Dragon,female,heart,embryo,19.5,0.5,"Kimberley Station, WA",2022-11-09,completed,SeqCore_Brisbane,Lari014_TGAGGA_L003,RNA-Seq,TRANSCRIPTOMIC,PolyA,PAIRED,ILLUMINA,RNASEQ,NextSeq 500,fastq,Lari014_TGAGGA_L003_R1_001.fastq.gz,Lari014_TGAGGA_L003_R2_001.fastq.gz,
15,Voch_526833,Voch_526833.Blood,Varanus ochreatus,Ochre Monitor,female,blood,embryo,25.6,0.5,"Mungo NP, NSW",2020-08-18,completed,SeqCore_Brisbane,Voch015_TACGCA_L003,RNA-Seq,TRANSCRIPTOMIC,PolyA,PAIRED,ILLUMINA,RNASEQ,NovaSeq 6000,fastq,Voch015_TACGCA_L003_R1_001.fastq.gz,Voch015_TACGCA_L003_R2_001.fastq.gz,
16,Eflu_299659,Eflu_299659.Brain,Emydura fluvialis,Creek Short-neck,female,brain,embryo,12.4,2.61,"Nullarbor Plain, SA",2017-04-24,completed,SeqCore_Brisbane,Eflu016_CGCGCG_L003,RNA-Seq,TRANSCRIPTOMIC,PolyA,PAIRED,ILLUMINA,RNASEQ,NextSeq 500,fastq,Eflu016_CGCGCG_L003_R1_001.fastq.gz,Eflu016_CGCGCG_L003_R2_001.fastq.gz,
17,Lari_161733,Lari_161733.Gonad,Lacerta aridensis,Arid Sand Dragon,female,gonad,embryo,5.0,2.72,"Kimberley Station, WA",2015-02-13,completed,SeqLab_Melbourne,Lari017_AAGCTG_L002,RNA-Seq,TRANSCRIPTOMIC,PolyA,PAIRED,ILLUMINA,RNASEQ,NovaSeq 6000,fastq,Lari017_AAGCTG_L002_R1_001.fastq.gz,Lari017_AAGCTG_L002_R2_001.fastq.gz,SRR75884623
18,Lari_340062,Lari_340062.Gonad,Lacerta aridensis,Arid Sand Dragon,male,gonad,embryo,20.2,1.55,"Broken Hill, NSW",2018-11-03,completed,NovaTech_Adelaide,Lari018_GCGGTC_L004,RNA-Seq,TRANSCRIPTOMIC,PolyA,PAIRED,ILLUMINA,RNASEQ,NovaSeq 6000,fastq,Lari018_GCGGTC_L004_R1_001.fastq.gz,Lari018_GCGGTC_L004_R2_001.fastq.gz,
19,Lari_781446,Lari_781446.Gonad,Lacerta aridensis,Arid Sand Dragon,male,gonad,embryo,20.1,2.71,"Yarralumla, ACT",2018-08-04,data missing,GenomicsHub_Sydney,Lari019_GGCGTT_L002,RNA-Seq,TRANSCRIPTOMIC,PolyA,PAIRED,ILLUMINA,RNASEQ,NovaSeq 6000,fastq,Lari019_GGCGTT_L002_R1_001.fastq.gz,Lari019_GGCGTT_L002_R2_001.fastq.gz,SRR83089925
20,Lari_761759,Lari_761759.Brain,Lacerta aridensis,Arid Sand Dragon,unknown,brain,embryo,14.0,1.18,"Gibson Desert, WA",2021-02-16,completed,SeqCore_Brisbane,Lari020_GGAAGT_L001,RNA-Seq,TRANSCRIPTOMIC,RANDOM,PAIRED,ILLUMINA,RNASEQ,NovaSeq 6000,fastq,Lari020_GGAAGT_L001_R1_001.fastq.gz,Lari020_GGAAGT_L001_R2_001.fastq.gz,SRR46173157
21,Voch_946721,Voch_946721.Gonad,Varanus ochreatus,Ochre Monitor,male,gonad,embryo,13.8,2.61,"Kimberley Station, WA",2017-05-18,completed,GenomicsHub_Sydney,Voch021_TGCCCT_L004,RNA-Seq,TRANSCRIPTOMIC,RANDOM,PAIRED,ILLUMINA,RNASEQ,NextSeq 500,fastq,Voch021_TGCCCT_L004_R1_001.fastq.gz,Voch021_TGCCCT_L004_R2_001.fastq.gz,SRR10154493
22,Lari_518373,Lari_518373.Ovary,Lacerta aridensis,Arid Sand Dragon,female,ovary,embryo,23.6,0.5,"Mitchell River, QLD",2020-04-20,data missing,SeqLab_Melbourne,Lari022_GGATTC_L001,RNA-Seq,TRANSCRIPTOMIC,PolyA,PAIRED,ILLUMINA,RNASEQ,NovaSeq 6000,fastq,Lari022_GGATTC_L001_R1_001.fastq.gz,Lari022_GGATTC_L001_R2_001.fastq.gz,SRR30665654
23,Lari_170674,Lari_170674.Brain,Lacerta aridensis,Arid Sand Dragon,male,brain,embryo,20.3,2.31,"Barkly Tableland, NT",2020-01-11,completed,SeqCore_Brisbane,Lari023_CCGTCA_L004,RNA-Seq,TRANSCRIPTOMIC,PolyA,PAIRED,ILLUMINA,RNASEQ,HiSeq 2500,fastq,Lari023_CCGTCA_L004_R1_001.fastq.gz,Lari023_CCGTCA_L004_R2_001.fastq.gz,
24,Lari_161733,Lari_161733.Brain,Lacerta aridensis,Arid Sand Dragon,male,brain,adult,210.6,18.66,"Yarralumla, ACT",2022-07-11,completed,GenomicsHub_Sydney,Lari024_TTCGCG_L004,RNA-Seq,TRANSCRIPTOMIC,PolyA,PAIRED,ILLUMINA,RNASEQ,NovaSeq 6000,fastq,Lari024_TTCGCG_L004_R1_001.fastq.gz,Lari024_TTCGCG_L004_R2_001.fastq.gz,SRR30718012
25,Mspi_806073,Mspi_806073.Brain,Morelia spinifex,Spinifex Python,unknown,brain,adult,177.7,7.78,"Eyre Peninsula, SA",2016-02-20,completed,SeqCore_Brisbane,Mspi025_GCAGTC_L003,RNA-Seq,TRANSCRIPTOMIC,PolyA,PAIRED,ILLUMINA,RNASEQ,HiSeq 2500,fastq,Mspi025_GCAGTC_L003_R1_001.fastq.gz,Mspi025_GCAGTC_L003_R2_001.fastq.gz,SRR16172803
26,Voch_946721,Voch_946721.Brain,Varanus ochreatus,Ochre Monitor,unknown,brain,embryo,21.2,0.81,"Litchfield NP, NT",2018-12-10,completed,GenomicsHub_Sydney,Voch026_TCCGAT_L003,RNA-Seq,TRANSCRIPTOMIC,PolyA,PAIRED,ILLUMINA,RNASEQ,HiSeq 2500,fastq,Voch026_TCCGAT_L003_R1_001.fastq.gz,Voch026_TCCGAT_L003_R2_001.fastq.gz,SRR66949781
27,Lari_665492,Lari_665492.Testis,Lacerta aridensis,Arid Sand Dragon,male,testis,embryo,18.7,1.34,"Lake Eyre, SA",2016-04-05,completed,NovaTech_Adelaide,Lari027_TATAAC_L002,RNA-Seq,TRANSCRIPTOMIC,PolyA,PAIRED,ILLUMINA,RNASEQ,HiSeq 2500,fastq,Lari027_TATAAC_L002_R1_001.fastq.gz,Lari027_TATAAC_L002_R2_001.fastq.gz,SRR94216001
28,Lari_446479,Lari_446479.Liver,Lacerta aridensis,Arid Sand Dragon,female,liver,embryo,7.0,0.97,"Snowy Mountains, NSW",2024-06-04,completed,SeqCore_Brisbane,Lari028_TCATAG_L004,RNA-Seq,TRANSCRIPTOMIC,PolyA,PAIRED,ILLUMINA,RNASEQ,HiSeq 2500,fastq,Lari028_TCATAG_L004_R1_001.fastq.gz,Lari028_TCATAG_L004_R2_001.fastq.gz,SRR84801233
29,Lari_238739,Lari_238739.Gonad,Lacerta aridensis,Arid Sand Dragon,unknown,gonad,embryo,19.3,1.04,"Broken Hill, NSW",2016-07-21,data missing,SeqCore_Brisbane,Lari029_TCCATC_L004,RNA-Seq,TRANSCRIPTOMIC,RANDOM,PAIRED,ILLUMINA,RNASEQ,NextSeq 500,fastq,Lari029_TCCATC_L004_R1_001.fastq.gz,Lari029_TCCATC_L004_R2_001.fastq.gz,
30,Gmon_785197,Gmon_785197.Blood,Gehyra montanus,Mountain Gecko,unknown,blood,embryo,13.8,1.64,"Litchfield NP, NT",2017-02-27,completed,SeqCore_Brisbane,Gmon030_AGGTCC_L002,RNA-Seq,TRANSCRIPTOMIC,PolyA,PAIRED,ILLUMINA,RNASEQ,NovaSeq 6000,fastq,Gmon030_AGGTCC_L002_R1_001.fastq.gz,Gmon030_AGGTCC_L002_R2_001.fastq.gz,SRR71031132
31,Lari_174299,Lari_174299.Gonad,Lacerta aridensis,Arid Sand Dragon,female,gonad,embryo,13.8,0.95,"Gibson Desert, WA",2015-08-15,completed,SeqLab_Melbourne,Lari031_TAACAG_L001,RNA-Seq,TRANSCRIPTOMIC,PolyA,PAIRED,ILLUMINA,RNASEQ,NovaSeq 6000,fastq,Lari031_TAACAG_L001_R1_001.fastq.gz,Lari031_TAACAG_L001_R2_001.fastq.gz,
32,Lari_341292,Lari_341292.Gonad,Lacerta aridensis,Arid Sand Dragon,female,gonad,embryo,8.1,1.82,"Eyre Peninsula, SA",2023-09-10,completed,GenomicsHub_Sydney,Lari032_CTACCG_L004,HiC,GENOMIC,restriction digest,PAIRED,ILLUMINA,HiC,NovaSeq 6000,fastq,Lari032_CTACCG_L004_R1_001.fastq.gz,Lari032_CTACCG_L004_R2_001.fastq.gz,SRR69533928
33,Lari_761759,Lari_761759.Gonad,Lacerta aridensis,Arid Sand Dragon,female,gonad,embryo,28.8,2.19,"Coober Pedy, SA",2016-09-02,completed,GenomicsHub_Sydney,Lari033_TCTCGC_L003,RNA-Seq,TRANSCRIPTOMIC,RANDOM,PAIRED,ILLUMINA,RNASEQ,HiSeq 2500,fastq,Lari033_TCTCGC_L003_R1_001.fastq.gz,Lari033_TCTCGC_L003_R2_001.fastq.gz,SRR60237832
34,Lari_349565,Lari_349565.Lung,Lacerta aridensis,Arid Sand Dragon,female,lung,embryo,11.7,1.51,"Lake Eyre, SA",2024-11-18,completed,SeqLab_Melbourne,Lari034_GCGAGA_L001,RNA-Seq,TRANSCRIPTOMIC,PolyA,PAIRED,ILLUMINA,RNASEQ,NovaSeq 6000,fastq,Lari034_GCGAGA_L001_R1_001.fastq.gz,Lari034_GCGAGA_L001_R2_001.fastq.gz,
35,Caus_704201,Caus_704201.Brain,Chelonia australis,Southern River Turtle,female,brain,embryo,15.3,2.04,"Kimberley Station, WA",2014-03-06,completed,GenomicsHub_Sydney,Caus035_ATGCAG_L001,RNA-Seq,TRANSCRIPTOMIC,PolyA,PAIRED,ILLUMINA,RNASEQ,HiSeq 2500,fastq,Caus035_ATGCAG_L001_R1_001.fastq.gz,Caus035_ATGCAG_L001_R2_001.fastq.gz,
36,Lari_801474,Lari_801474.Gonad,Lacerta aridensis,Arid Sand Dragon,female,gonad,embryo,20.7,1.01,"Daintree River, QLD",2020-03-05,data missing,SeqCore_Brisbane,Lari036_CAGGGC_L002,RNA-Seq,TRANSCRIPTOMIC,PolyA,PAIRED,ILLUMINA,RNASEQ,NovaSeq 6000,fastq,Lari036_CAGGGC_L002_R1_001.fastq.gz,Lari036_CAGGGC_L002_R2_001.fastq.gz,
37,Lari_717024,Lari_717024.Gonad,Lacerta aridensis,Arid Sand Dragon,female,gonad,embryo,7.5,0.86,"Lake Eyre, SA",2015-04-14,completed,SeqCore_Brisbane,Lari037_ATTGGG_L004,RNA-Seq,TRANSCRIPTOMIC,RANDOM,PAIRED,ILLUMINA,RNASEQ,NovaSeq 6000,fastq,Lari037_ATTGGG_L004_R1_001.fastq.gz,Lari037_ATTGGG_L004_R2_001.fastq.gz,
38,Palp_863587,Palp_863587.Gonad,Pseudemoia alpina,Alpine Skink,unknown,gonad,embryo,8.7,0.5,"Flinders Ranges, SA",2023-10-15,completed,SeqCore_Brisbane,Palp038_GATCTG_L002,RNA-Seq,TRANSCRIPTOMIC,PolyA,PAIRED,ILLUMINA,RNASEQ,NovaSeq 6000,fastq,Palp038_GATCTG_L002_R1_001.fastq.gz,Palp038_GATCTG_L002_R2_001.fastq.gz,
39,Lari_238739,Lari_238739.Ovary,Lacerta aridensis,Arid Sand Dragon,female,ovary,embryo,17.7,0.55,"Broken Hill, NSW",2014-08-26,completed,SeqCore_Brisbane,Lari039_GTGCAC_L001,RNA-Seq,TRANSCRIPTOMIC,RANDOM,PAIRED,ILLUMINA,RNASEQ,HiSeq 2500,fastq,Lari039_GTGCAC_L001_R1_001.fastq.gz,Lari039_GTGCAC_L001_R2_001.fastq.gz,
40,Crub_471507,Crub_471507.Brain,Ctenophorus rubricauda,Red-tail Ctenophorus,female,brain,embryo,30.3,2.06,"Tanami Desert, NT",2022-11-13,completed,GenomicsHub_Sydney,Crub040_GAACCG_L002,RNA-Seq,TRANSCRIPTOMIC,PolyA,PAIRED,ILLUMINA,RNASEQ,NextSeq 500,fastq,Crub040_GAACCG_L002_R1_001.fastq.gz,Crub040_GAACCG_L002_R2_001.fastq.gz,
41,Eflu_198907,Eflu_198907.Gonad,Emydura fluvialis,Creek Short-neck,unknown,gonad,adult,224.5,14.87,"Shark Bay, WA",2024-11-14,completed,SeqCore_Brisbane,Eflu041_TCGGAG_L001,RNA-Seq,TRANSCRIPTOMIC,PolyA,PAIRED,ILLUMINA,RNASEQ,NextSeq 500,fastq,Eflu041_TCGGAG_L001_R1_001.fastq.gz,Eflu041_TCGGAG_L001_R2_001.fastq.gz,
42,Lari_170674,Lari_170674.Gonad,Lacerta aridensis,Arid Sand Dragon,male,gonad,embryo,11.4,0.5,"Kakadu NP, NT",2020-06-22,completed,SeqCore_Brisbane,Lari042_CTGGGG_L003,RNA-Seq,TRANSCRIPTOMIC,PolyA,PAIRED,ILLUMINA,RNASEQ,NovaSeq 6000,fastq,Lari042_CTGGGG_L003_R1_001.fastq.gz,Lari042_CTGGGG_L003_R2_001.fastq.gz,SRR92950779
43,Lari_226882,Lari_226882.Testis,Lacerta aridensis,Arid Sand Dragon,female,testis,embryo,26.1,1.83,"Kimberley Station, WA",2015-05-03,completed,GenomicsHub_Sydney,Lari043_CTTCCC_L004,RNA-Seq,TRANSCRIPTOMIC,PolyA,PAIRED,ILLUMINA,RNASEQ,HiSeq 2500,fastq,Lari043_CTTCCC_L004_R1_001.fastq.gz,Lari043_CTTCCC_L004_R2_001.fastq.gz,SRR36802975
44,Caus_595631,Caus_595631.Gonad,Chelonia australis,Southern River Turtle,male,gonad,hatchling,18.6,1.57,"Uluru Region, NT",2023-01-03,completed,SeqLab_Melbourne,Caus044_AGATCA_L001,RNA-Seq,TRANSCRIPTOMIC,RANDOM,PAIRED,ILLUMINA,RNASEQ,NovaSeq 6000,fastq,Caus044_AGATCA_L001_R1_001.fastq.gz,Caus044_AGATCA_L001_R2_001.fastq.gz,SRR97236246
45,Voch_595948,Voch_595948.Gonad,Varanus ochreatus,Ochre Monitor,female,gonad,adult,157.1,6.09,"Kimberley Station, WA",2024-02-17,completed,SeqCore_Brisbane,Voch045_AAGGAT_L004,RNA-Seq,TRANSCRIPTOMIC,PolyA,PAIRED,ILLUMINA,RNASEQ,NovaSeq 6000,fastq,Voch045_AAGGAT_L004_R1_001.fastq.gz,Voch045_AAGGAT_L004_R2_001.fastq.gz,SRR12205915
46,Lari_341292,Lari_341292.Gonad,Lacerta aridensis,Arid Sand Dragon,female,gonad,embryo,13.9,0.5,"Snowy Mountains, NSW",2016-03-03,completed,SeqCore_Brisbane,Lari046_GTCATC_L001,ONT,GENOMIC,rapid,SINGLE,ONT,ONT,PromethION,fastq,Lari046_GTCATC_L001_R1_001.fastq.gz,,SRR54629892
47,Lari_698782,Lari_698782.Brain,Lacerta aridensis,Arid Sand Dragon,male,brain,embryo,5.0,1.12,"Tanami Desert, NT",2021-06-26,completed,NovaTech_Adelaide,Lari047_TGCTAC_L001,RNA-Seq,TRANSCRIPTOMIC,RANDOM,PAIRED,ILLUMINA,RNASEQ,HiSeq 2500,fastq,Lari047_TGCTAC_L001_R1_001.fastq.gz,Lari047_TGCTAC_L001_R2_001.fastq.gz,SRR54550177
48,Lari_132938,Lari_132938.Gonad,Lacerta aridensis,Arid Sand Dragon,female,gonad,embryo,34.8,2.61,"Tanami Desert, NT",2019-09-26,completed,GenomicsHub_Sydney,Lari048_CCCGAC_L004,RNA-Seq,TRANSCRIPTOMIC,PolyA,PAIRED,ILLUMINA,RNASEQ,NovaSeq 6000,fastq,Lari048_CCCGAC_L004_R1_001.fastq.gz,Lari048_CCCGAC_L004_R2_001.fastq.gz,
49,Lari_238739,Lari_238739.Gonad,Lacerta aridensis,Arid Sand Dragon,female,gonad,embryo,11.5,0.77,"Broken Hill, NSW",2022-02-09,completed,SeqCore_Brisbane,Lari049_CTAACC_L004,RNA-Seq,TRANSCRIPTOMIC,PolyA,PAIRED,ILLUMINA,RNASEQ,NovaSeq 6000,fastq,Lari049_CTAACC_L004_R1_001.fastq.gz,Lari049_CTAACC_L004_R2_001.fastq.gz,SRR87030477
50,Lari_359947,Lari_359947.Brain,Lacerta aridensis,Arid Sand Dragon,female,brain,embryo,23.6,1.04,"Kakadu NP, NT",2015-04-26,completed,SeqCore_Brisbane,Lari050_AGTTTT_L003,RNA-Seq,TRANSCRIPTOMIC,RANDOM,PAIRED,ILLUMINA,RNASEQ,NovaSeq 6000,fastq,Lari050_AGTTTT_L003_R1_001.fastq.gz,Lari050_AGTTTT_L003_R2_001.fastq.gz,SRR83819367
51,Lari_518373,Lari_518373.Gonad,Lacerta aridensis,Arid Sand Dragon,male,gonad,embryo,19.9,2.92,"Cape York, QLD",2016-07-17,completed,SeqLab_Melbourne,Lari051_ACGCCC_L001,RNA-Seq,TRANSCRIPTOMIC,PolyA,PAIRED,ILLUMINA,RNASEQ,NovaSeq 6000,fastq,Lari051_ACGCCC_L001_R1_001.fastq.gz,Lari051_ACGCCC_L001_R2_001.fastq.gz,
52,Lari_865388,Lari_865388.Blood,Lacerta aridensis,Arid Sand Dragon,male,blood,embryo,14.2,0.5,"Barkly Tableland, NT",2014-11-25,completed,SeqCore_Brisbane,Lari052_CGGACG_L002,RNA-Seq,TRANSCRIPTOMIC,PolyA,PAIRED,ILLUMINA,RNASEQ,HiSeq 2500,fastq,Lari052_CGGACG_L002_R1_001.fastq.gz,Lari052_CGGACG_L002_R2_001.fastq.gz,SRR87933054
53,Lari_639131,Lari_639131.Gonad,Lacerta aridensis,Arid Sand Dragon,female,gonad,embryo,17.9,0.5,"Arnhem Land, NT",2020-03-25,completed,GenomicsHub_Sydney,Lari053_GCATCC_L001,RNA-Seq,TRANSCRIPTOMIC,PolyA,PAIRED,ILLUMINA,RNASEQ,NextSeq 500,fastq,Lari053_GCATCC_L001_R1_001.fastq.gz,Lari053_GCATCC_L001_R2_001.fastq.gz,
54,Caus_354801,Caus_354801.Gonad,Chelonia australis,Southern River Turtle,male,gonad,embryo,8.5,0.57,"Longreach Station, QLD",2017-04-19,completed,SeqCore_Brisbane,Caus054_TTCTTT_L003,RNA-Seq,TRANSCRIPTOMIC,PolyA,PAIRED,ILLUMINA,RNASEQ,NovaSeq 6000,fastq,Caus054_TTCTTT_L003_R1_001.fastq.gz,Caus054_TTCTTT_L003_R2_001.fastq.gz,
55,Lari_680828,Lari_680828.Gonad,Lacerta aridensis,Arid Sand Dragon,female,gonad,embryo,16.1,0.5,"Redbank Creek, QLD",2015-07-12,completed,SeqCore_Brisbane,Lari055_ACCCAA_L002,RNA-Seq,TRANSCRIPTOMIC,RANDOM,PAIRED,ILLUMINA,RNASEQ,NovaSeq 6000,fastq,Lari055_ACCCAA_L002_R1_001.fastq.gz,Lari055_ACCCAA_L002_R2_001.fastq.gz,
56,Lari_716886,Lari_716886.Gonad,Lacerta aridensis,Arid Sand Dragon,male,gonad,embryo,27.8,0.5,"Yarralumla, ACT",2014-06-11,completed,GenomicsHub_Sydney,Lari056_GTGATA_L003,RNA-Seq,TRANSCRIPTOMIC,PolyA,PAIRED,ILLUMINA,RNASEQ,NovaSeq 6000,fastq,Lari056_GTGATA_L003_R1_001.fastq.gz,Lari056_GTGATA_L003_R2_001.fastq.gz,
57,Voch_526833,Voch_526833.Gonad,Varanus ochreatus,Ochre Monitor,male,gonad,embryo,7.4,0.98,"Daintree River, QLD",2023-08-28,completed,GenomicsHub_Sydney,Voch057_GGAGGT_L002,WGS,GENOMIC,RANDOM,PAIRED,ILLUMINA,WGS,NovaSeq 6000,fastq,Voch057_GGAGGT_L002_R1_001.fastq.gz,Voch057_GGAGGT_L002_R2_001.fastq.gz,SRR42507072
58,Gmon_203198,Gmon_203198.Brain,Gehyra montanus,Mountain Gecko,female,brain,adult,278.0,24.56,"Tanami Desert, NT",2021-06-16,completed,GenomicsHub_Sydney,Gmon058_TCCTGG_L003,RNA-Seq,TRANSCRIPTOMIC,RANDOM,PAIRED,ILLUMINA,RNASEQ,NovaSeq 6000,fastq,Gmon058_TCCTGG_L003_R1_001.fastq.gz,Gmon058_TCCTGG_L003_R2_001.fastq.gz,SRR35805259
59,Lari_680828,Lari_680828.Gonad,Lacerta aridensis,Arid Sand Dragon,female,gonad,hatchling,41.2,2.29,"Nullarbor Plain, SA",2014-11-17,completed,GenomicsHub_Sydney,Lari059_TTCCGC_L004,RNA-Seq,TRANSCRIPTOMIC,PolyA,PAIRED,ILLUMINA,RNASEQ,HiSeq 2500,fastq,Lari059_TTCCGC_L004_R1_001.fastq.gz,Lari059_TTCCGC_L004_R2_001.fastq.gz,SRR74300930
60,Lari_573417,Lari_573417.Brain,Lacerta aridensis,Arid Sand Dragon,male,brain,embryo,8.3,0.5,"Kakadu NP, NT",2020-03-02,completed,GenomicsHub_Sydney,Lari060_CTTCAT_L003,RNA-Seq,TRANSCRIPTOMIC,PolyA,PAIRED,ILLUMINA,RNASEQ,NovaSeq 6000,fastq,Lari060_CTTCAT_L003_R1_001.fastq.gz,Lari060_CTTCAT_L003_R2_001.fastq.gz,
61,Lari_330914,Lari_330914.Brain,Lacerta aridensis,Arid Sand Dragon,female,brain,embryo,25.4,1.93,"Redbank Creek, QLD",2019-05-19,completed,NovaTech_Adelaide,Lari061_GATCTG_L004,WGS,GENOMIC,RANDOM,PAIRED,ILLUMINA,WGS,HiSeq X Ten,fastq,Lari061_GATCTG_L004_R1_001.fastq.gz,Lari061_GATCTG_L004_R2_001.fastq.gz,SRR28012011
62,Lari_238739,Lari_238739.Brain,Lacerta aridensis,Arid Sand Dragon,female,brain,embryo,19.8,0.5,"Broken Hill, NSW",2018-03-13,completed,GenomicsHub_Sydney,Lari062_GAACAC_L002,WGS,GENOMIC,RANDOM,PAIRED,ILLUMINA,WGS,HiSeq X Ten,fastq,Lari062_GAACAC_L002_R1_001.fastq.gz,Lari062_GAACAC_L002_R2_001.fastq.gz,SRR45835371
63,Voch_526833,Voch_526833.Gonad,Varanus ochreatus,Ochre Monitor,female,gonad,adult,208.7,10.54,"Kimberley Station, WA",2023-02-02,completed,GenomicsHub_Sydney,Voch063_AAAGGC_L004,RNA-Seq,TRANSCRIPTOMIC,PolyA,PAIRED,ILLUMINA,RNASEQ,HiSeq 2500,fastq,Voch063_AAAGGC_L004_R1_001.fastq.gz,Voch063_AAAGGC_L004_R2_001.fastq.gz,SRR99133246
64,Crub_471507,Crub_471507.Muscle,Ctenophorus rubricauda,Red-tail Ctenophorus,female,muscle,embryo,19.0,0.5,"Eyre Peninsula, SA",2014-02-16,completed,SeqCore_Brisbane,Crub064_AGTCGC_L001,RNA-Seq,TRANSCRIPTOMIC,RANDOM,PAIRED,ILLUMINA,RNASEQ,NovaSeq 6000,fastq,Crub064_AGTCGC_L001_R1_001.fastq.gz,Crub064_AGTCGC_L001_R2_001.fastq.gz,SRR51361818
65,Lari_891952,Lari_891952.Gonad,Lacerta aridensis,Arid Sand Dragon,male,gonad,embryo,21.2,1.7,"Nullarbor Plain, SA",2022-07-27,completed,SeqCore_Brisbane,Lari065_CGGGGC_L002,RNA-Seq,TRANSCRIPTOMIC,RANDOM,PAIRED,ILLUMINA,RNASEQ,HiSeq 2500,fastq,Lari065_CGGGGC_L002_R1_001.fastq.gz,Lari065_CGGGGC_L002_R2_001.fastq.gz,SRR62755436
66,Lari_573417,Lari_573417.Gonad,Lacerta aridensis,Arid Sand Dragon,male,gonad,embryo,12.4,0.5,"Eyre Peninsula, SA",2017-12-19,completed,SeqCore_Brisbane,Lari066_GTTAAG_L004,HiC,GENOMIC,restriction digest,PAIRED,ILLUMINA,HiC,NovaSeq 6000,fastq,Lari066_GTTAAG_L004_R1_001.fastq.gz,Lari066_GTTAAG_L004_R2_001.fastq.gz,SRR16533225
67,Lari_122056,Lari_122056.Brain,Lacerta aridensis,Arid Sand Dragon,female,brain,adult,239.3,14.74,"Barkly Tableland, NT",2022-08-08,completed,BioSeq_Perth,Lari067_CATTTG_L004,RNA-Seq,TRANSCRIPTOMIC,RANDOM,PAIRED,ILLUMINA,RNASEQ,NovaSeq 6000,fastq,Lari067_CATTTG_L004_R1_001.fastq.gz,Lari067_CATTTG_L004_R2_001.fastq.gz,SRR16292676
68,Lari_573417,Lari_573417.Gonad,Lacerta aridensis,Arid Sand Dragon,female,gonad,adult,115.3,3.55,"Blue Mountains, NSW",2017-06-10,completed,SeqCore_Brisbane,Lari068_CCCACC_L002,WGS,GENOMIC,RANDOM,PAIRED,ILLUMINA,WGS,NovaSeq 6000,fastq,Lari068_CCCACC_L002_R1_001.fastq.gz,Lari068_CCCACC_L002_R2_001.fastq.gz,
69,Lari_322086,Lari_322086.Gonad,Lacerta aridensis,Arid Sand Dragon,female,gonad,embryo,7.3,0.78,"Mitchell River, QLD",2020-01-19,completed,NovaTech_Adelaide,Lari069_CACCCG_L003,RNA-Seq,TRANSCRIPTOMIC,PolyA,PAIRED,ILLUMINA,RNASEQ,NextSeq 500,fastq,Lari069_CACCCG_L003_R1_001.fastq.gz,Lari069_CACCCG_L003_R2_001.fastq.gz,
70,Crub_790993,Crub_790993.Brain,Ctenophorus rubricauda,Red-tail Ctenophorus,female,brain,embryo,24.6,3.65,"Coober Pedy, SA",2024-01-17,completed,SeqCore_Brisbane,Crub070_CTCGGC_L004,RNA-Seq,TRANSCRIPTOMIC,PolyA,PAIRED,ILLUMINA,RNASEQ,HiSeq 2500,fastq,Crub070_CTCGGC_L004_R1_001.fastq.gz,Crub070_CTCGGC_L004_R2_001.fastq.gz,SRR96126771
71,Caus_704201,Caus_704201.Blood,Chelonia australis,Southern River Turtle,female,blood,embryo,14.2,3.96,"Arnhem Land, NT",2016-02-04,completed,SeqCore_Brisbane,Caus071_GAGCGG_L004,RNA-Seq,TRANSCRIPTOMIC,PolyA,PAIRED,ILLUMINA,RNASEQ,NovaSeq 6000,fastq,Caus071_GAGCGG_L004_R1_001.fastq.gz,Caus071_GAGCGG_L004_R2_001.fastq.gz,SRR12111482
72,Tdes_589710,Tdes_589710.Gonad,Tiliqua desertorum,Desert Skink,female,gonad,embryo,17.2,2.73,"Broken Hill, NSW",2023-02-17,completed,SeqLab_Melbourne,Tdes072_CAGCTA_L001,RNA-Seq,TRANSCRIPTOMIC,RANDOM,PAIRED,ILLUMINA,RNASEQ,HiSeq 2500,fastq,Tdes072_CAGCTA_L001_R1_001.fastq.gz,Tdes072_CAGCTA_L001_R2_001.fastq.gz,
73,Lari_891952,Lari_891952.Gonad,Lacerta aridensis,Arid Sand Dragon,female,gonad,hatchling,35.4,0.85,"Broken Hill, NSW",2016-12-24,completed,SeqCore_Brisbane,Lari073_TGATCT_L002,RNA-Seq,TRANSCRIPTOMIC,PolyA,PAIRED,ILLUMINA,RNASEQ,NextSeq 500,fastq,Lari073_TGATCT_L002_R1_001.fastq.gz,Lari073_TGATCT_L002_R2_001.fastq.gz,SRR63458386
74,Lari_310922,Lari_310922.Gonad,Lacerta aridensis,Arid Sand Dragon,male,gonad,juvenile,90.9,7.88,"Gibson Desert, WA",2024-03-24,completed,SeqCore_Brisbane,Lari074_TCGTCA_L004,RNA-Seq,TRANSCRIPTOMIC,RANDOM,PAIRED,ILLUMINA,RNASEQ,NextSeq 500,fastq,Lari074_TCGTCA_L004_R1_001.fastq.gz,Lari074_TCGTCA_L004_R2_001.fastq.gz,SRR88634827
75,Eflu_198907,Eflu_198907.Gonad,Emydura fluvialis,Creek Short-neck,male,gonad,embryo,21.7,0.5,"Longreach Station, QLD",2022-03-22,completed,SeqLab_Melbourne,Eflu075_ACGCAC_L001,RNA-Seq,TRANSCRIPTOMIC,PolyA,PAIRED,ILLUMINA,RNASEQ,NovaSeq 6000,fastq,Eflu075_ACGCAC_L001_R1_001.fastq.gz,Eflu075_ACGCAC_L001_R2_001.fastq.gz,SRR53544301
76,Lari_717024,Lari_717024.Gonad,Lacerta aridensis,Arid Sand Dragon,male,gonad,embryo,14.7,0.65,"Blue Mountains, NSW",2024-10-05,completed,SeqCore_Brisbane,Lari076_TCTGCG_L004,RNA-Seq,TRANSCRIPTOMIC,RANDOM,PAIRED,ILLUMINA,RNASEQ,HiSeq 2500,fastq,Lari076_TCTGCG_L004_R1_001.fastq.gz,Lari076_TCTGCG_L004_R2_001.fastq.gz,
77,Lari_454508,Lari_454508.Gonad,Lacerta aridensis,Arid Sand Dragon,male,gonad,hatchling,43.6,4.26,"Kimberley Station, WA",2015-07-22,completed,BioSeq_Perth,Lari077_TTCCTC_L002,RNA-Seq,TRANSCRIPTOMIC,RANDOM,PAIRED,ILLUMINA,RNASEQ,NextSeq 500,fastq,Lari077_TTCCTC_L002_R1_001.fastq.gz,Lari077_TTCCTC_L002_R2_001.fastq.gz,SRR83233096
78,Lari_340062,Lari_340062.Gonad,Lacerta aridensis,Arid Sand Dragon,male,gonad,embryo,16.6,0.75,"Broken Hill, NSW",2024-11-21,completed,SeqLab_Melbourne,Lari078_GGTTCA_L003,RNA-Seq,TRANSCRIPTOMIC,RANDOM,PAIRED,ILLUMINA,RNASEQ,HiSeq 2500,fastq,Lari078_GGTTCA_L003_R1_001.fastq.gz,Lari078_GGTTCA_L003_R2_001.fastq.gz,SRR82062301
79,Lari_330914,Lari_330914.Testis,Lacerta aridensis,Arid Sand Dragon,female,testis,embryo,17.8,1.4,"Barkly Tableland, NT",2021-06-16,completed,SeqCore_Brisbane,Lari079_CCTGGC_L001,RNA-Seq,TRANSCRIPTOMIC,PolyA,PAIRED,ILLUMINA,RNASEQ,NextSeq 500,fastq,Lari079_CCTGGC_L001_R1_001.fastq.gz,Lari079_CCTGGC_L001_R2_001.fastq.gz,SRR49652241
80,Palp_163556,Palp_163556.Gonad,Pseudemoia alpina,Alpine Skink,male,gonad,embryo,15.1,1.98,"Tanami Desert, NT",2020-07-01,completed,SeqCore_Brisbane,Palp080_GATAAA_L004,RNA-Seq,TRANSCRIPTOMIC,PolyA,PAIRED,ILLUMINA,RNASEQ,NextSeq 500,fastq,Palp080_GATAAA_L004_R1_001.fastq.gz,Palp080_GATAAA_L004_R2_001.fastq.gz,SRR41119124
81,Lari_698782,Lari_698782.Gonad,Lacerta aridensis,Arid Sand Dragon,female,gonad,embryo,5.8,0.5,"Cape York, QLD",2024-03-11,completed,SeqCore_Brisbane,Lari081_CCCTGG_L004,RNA-Seq,TRANSCRIPTOMIC,PolyA,PAIRED,ILLUMINA,RNASEQ,NovaSeq 6000,fastq,Lari081_CCCTGG_L004_R1_001.fastq.gz,Lari081_CCCTGG_L004_R2_001.fastq.gz,SRR88786439
82,Lari_426858,Lari_426858.Gonad,Lacerta aridensis,Arid Sand Dragon,male,gonad,embryo,16.7,0.63,"Kakadu NP, NT",2022-09-21,completed,SeqCore_Brisbane,Lari082_CCGTTA_L002,RNA-Seq,TRANSCRIPTOMIC,RANDOM,PAIRED,ILLUMINA,RNASEQ,NextSeq 500,fastq,Lari082_CCGTTA_L002_R1_001.fastq.gz,Lari082_CCGTTA_L002_R2_001.fastq.gz,SRR28830282
83,Lari_340062,Lari_340062.Gonad,Lacerta aridensis,Arid Sand Dragon,female,gonad,embryo,9.6,0.5,"Redbank Creek, QLD",2017-07-04,completed,SeqCore_Brisbane,Lari083_AACTGT_L004,RNA-Seq,TRANSCRIPTOMIC,PolyA,PAIRED,ILLUMINA,RNASEQ,NovaSeq 6000,fastq,Lari083_AACTGT_L004_R1_001.fastq.gz,Lari083_AACTGT_L004_R2_001.fastq.gz,SRR25194922
84,Lari_324643,Lari_324643.Brain,Lacerta aridensis,Arid Sand Dragon,unknown,brain,embryo,8.0,1.07,"Broken Hill, NSW",2018-05-19,completed,SeqLab_Melbourne,Lari084_TATGCG_L004,RNA-Seq,TRANSCRIPTOMIC,PolyA,PAIRED,ILLUMINA,RNASEQ,HiSeq 2500,fastq,Lari084_TATGCG_L004_R1_001.fastq.gz,Lari084_TATGCG_L004_R2_001.fastq.gz,
85,Caus_354801,Caus_354801.Lung,Chelonia australis,Southern River Turtle,unknown,lung,embryo,21.1,0.5,"Blue Mountains, NSW",2019-08-16,completed,BioSeq_Perth,Caus085_TATAGT_L004,RNA-Seq,TRANSCRIPTOMIC,PolyA,PAIRED,ILLUMINA,RNASEQ,NovaSeq 6000,fastq,Caus085_TATAGT_L004_R1_001.fastq.gz,Caus085_TATAGT_L004_R2_001.fastq.gz,SRR87500742
86,Lari_122056,Lari_122056.Brain,Lacerta aridensis,Arid Sand Dragon,female,brain,adult,161.2,15.57,"Mitchell River, QLD",2021-01-04,completed,GenomicsHub_Sydney,Lari086_TCTTCC_L003,RNA-Seq,TRANSCRIPTOMIC,PolyA,PAIRED,ILLUMINA,RNASEQ,HiSeq 2500,fastq,Lari086_TCTTCC_L003_R1_001.fastq.gz,Lari086_TCTTCC_L003_R2_001.fastq.gz,
87,Lari_781446,Lari_781446.Gonad,Lacerta aridensis,Arid Sand Dragon,unknown,gonad,embryo,21.2,2.0,"Kimberley Station, WA",2014-12-11,completed,NovaTech_Adelaide,Lari087_ACAGGA_L003,RNA-Seq,TRANSCRIPTOMIC,PolyA,PAIRED,ILLUMINA,RNASEQ,NovaSeq 6000,fastq,Lari087_ACAGGA_L003_R1_001.fastq.gz,Lari087_ACAGGA_L003_R2_001.fastq.gz,SRR41426254
88,Caus_704201,Caus_704201.Kidney,Chelonia australis,Southern River Turtle,male,kidney,embryo,19.5,3.21,"Longreach Station, QLD",2021-04-03,completed,SeqCore_Brisbane,Caus088_CCCTTG_L002,RNA-Seq,TRANSCRIPTOMIC,PolyA,PAIRED,ILLUMINA,RNASEQ,NovaSeq 6000,fastq,Caus088_CCCTTG_L002_R1_001.fastq.gz,Caus088_CCCTTG_L002_R2_001.fastq.gz,
89,Lari_847581,Lari_847581.Gonad,Lacerta aridensis,Arid Sand Dragon,female,gonad,embryo,17.3,2.63,"Kakadu NP, NT",2017-08-13,completed,SeqCore_Brisbane,Lari089_GAGGCT_L001,RNA-Seq,TRANSCRIPTOMIC,PolyA,PAIRED,ILLUMINA,RNASEQ,NovaSeq 6000,fastq,Lari089_GAGGCT_L001_R1_001.fastq.gz,Lari089_GAGGCT_L001_R2_001.fastq.gz,SRR98369672
90,Crub_790993,Crub_790993.Gonad,Ctenophorus rubricauda,Red-tail Ctenophorus,male,gonad,embryo,10.6,0.5,"Tanami Desert, NT",2020-07-23,completed,BioSeq_Perth,Crub090_CTCGAC_L001,WGS,GENOMIC,RANDOM,PAIRED,ILLUMINA,WGS,NovaSeq 6000,fastq,Crub090_CTCGAC_L001_R1_001.fastq.gz,Crub090_CTCGAC_L001_R2_001.fastq.gz,
91,Lari_330914,Lari_330914.Gonad,Lacerta aridensis,Arid Sand Dragon,female,gonad,embryo,6.5,1.74,"Coober Pedy, SA",2016-12-01,completed,SeqCore_Brisbane,Lari091_CGTGAG_L002,RNA-Seq,TRANSCRIPTOMIC,PolyA,PAIRED,ILLUMINA,RNASEQ,NovaSeq 6000,fastq,Lari091_CGTGAG_L002_R1_001.fastq.gz,Lari091_CGTGAG_L002_R2_001.fastq.gz,
92,Lari_781446,Lari_781446.Gonad,Lacerta aridensis,Arid Sand Dragon,female,gonad,embryo,20.6,1.54,"Kakadu NP, NT",2023-11-24,completed,SeqCore_Brisbane,Lari092_GATCCG_L003,RNA-Seq,TRANSCRIPTOMIC,PolyA,PAIRED,ILLUMINA,RNASEQ,NextSeq 500,fastq,Lari092_GATCCG_L003_R1_001.fastq.gz,Lari092_GATCCG_L003_R2_001.fastq.gz,SRR87396877
93,Caus_704201,Caus_704201.Gonad,Chelonia australis,Southern River Turtle,male,gonad,embryo,9.9,0.5,"Uluru Region, NT",2017-09-02,completed,SeqCore_Brisbane,Caus093_TATATG_L004,WGS,GENOMIC,RANDOM,PAIRED,ILLUMINA,WGS,HiSeq X Ten,fastq,Caus093_TATATG_L004_R1_001.fastq.gz,Caus093_TATATG_L004_R2_001.fastq.gz,
94,Lari_330914,Lari_330914.Gonad,Lacerta aridensis,Arid Sand Dragon,male,gonad,embryo,21.5,1.71,"Litchfield NP, NT",2014-06-01,completed,SeqCore_Brisbane,Lari094_AGCGCG_L004,RNA-Seq,TRANSCRIPTOMIC,PolyA,PAIRED,ILLUMINA,RNASEQ,NovaSeq 6000,fastq,Lari094_AGCGCG_L004_R1_001.fastq.gz,Lari094_AGCGCG_L004_R2_001.fastq.gz,SRR36229153
95,Voch_526833,Voch_526833.Gonad,Varanus ochreatus,Ochre Monitor,male,gonad,adult,190.4,9.8,"Yarralumla, ACT",2019-07-23,completed,SeqCore_Brisbane,Voch095_ATTGGC_L001,RNA-Seq,TRANSCRIPTOMIC,PolyA,PAIRED,ILLUMINA,RNASEQ,NovaSeq 6000,fastq,Voch095_ATTGGC_L001_R1_001.fastq.gz,Voch095_ATTGGC_L001_R2_001.fastq.gz,SRR77837366
96,Lari_122056,Lari_122056.Gonad,Lacerta aridensis,Arid Sand Dragon,male,gonad,embryo,19.9,1.06,"Longreach Station, QLD",2017-06-13,completed,SeqCore_Brisbane,Lari096_CCGTAC_L003,RNA-Seq,TRANSCRIPTOMIC,RANDOM,PAIRED,ILLUMINA,RNASEQ,NovaSeq 6000,fastq,Lari096_CCGTAC_L003_R1_001.fastq.gz,Lari096_CCGTAC_L003_R2_001.fastq.gz,SRR22136086
97,Lari_170674,Lari_170674.Gonad,Lacerta aridensis,Arid Sand Dragon,female,gonad,embryo,18.6,0.5,"Cape York, QLD",2015-04-21,completed,SeqLab_Melbourne,Lari097_AATAAT_L002,RNA-Seq,TRANSCRIPTOMIC,PolyA,PAIRED,ILLUMINA,RNASEQ,NextSeq 500,fastq,Lari097_AATAAT_L002_R1_001.fastq.gz,Lari097_AATAAT_L002_R2_001.fastq.gz,
98,Tdes_531071,Tdes_531071.Blood,Tiliqua desertorum,Desert Skink,female,blood,embryo,8.4,0.5,"Litchfield NP, NT",2022-08-02,completed,SeqCore_Brisbane,Tdes098_TCGCCC_L003,RNA-Seq,TRANSCRIPTOMIC,PolyA,PAIRED,ILLUMINA,RNASEQ,NovaSeq 6000,fastq,Tdes098_TCGCCC_L003_R1_001.fastq.gz,Tdes098_TCGCCC_L003_R2_001.fastq.gz,
99,Lari_310922,Lari_310922.Gonad,Lacerta aridensis,Arid Sand Dragon,male,gonad,embryo,11.4,0.5,"Cape York, QLD",2023-04-06,completed,SeqCore_Brisbane,Lari099_TTCGCT_L003,WGS,GENOMIC,RANDOM,PAIRED,ILLUMINA,WGS,NovaSeq 6000,fastq,Lari099_TTCGCT_L003_R1_001.fastq.gz,Lari099_TTCGCT_L003_R2_001.fastq.gz,
100,Lari_847581,Lari_847581.Gonad,Lacerta aridensis,Arid Sand Dragon,female,gonad,embryo,29.0,2.79,"Mungo NP, NSW",2022-05-06,completed,SeqLab_Melbourne,Lari100_CTTAGT_L003,RNA-Seq,TRANSCRIPTOMIC,RANDOM,PAIRED,ILLUMINA,RNASEQ,NextSeq 500,fastq,Lari100_CTTAGT_L003_R1_001.fastq.gz,Lari100_CTTAGT_L003_R2_001.fastq.gz,SRR13785821
101,Crub_551989,Crub_551989.Gonad,Ctenophorus rubricauda,Red-tail Ctenophorus,female,gonad,embryo,20.8,0.98,"Gibson Desert, WA",2016-12-14,completed,SeqCore_Brisbane,Crub101_CATTAA_L002,RNA-Seq,TRANSCRIPTOMIC,PolyA,PAIRED,ILLUMINA,RNASEQ,NovaSeq 6000,fastq,Crub101_CATTAA_L002_R1_001.fastq.gz,Crub101_CATTAA_L002_R2_001.fastq.gz,SRR80638102
102,Lari_608993,Lari_608993.Lung,Lacerta aridensis,Arid Sand Dragon,male,lung,embryo,9.7,1.6,"Mungo NP, NSW",2015-04-12,data missing,SeqLab_Melbourne,Lari102_CGCAAG_L004,ONT,GENOMIC,rapid,SINGLE,ONT,ONT,PromethION,fastq,Lari102_CGCAAG_L004_R1_001.fastq.gz,,SRR86166246
103,Lari_122056,Lari_122056.Gonad,Lacerta aridensis,Arid Sand Dragon,male,gonad,adult,108.4,9.87,"Daintree River, QLD",2016-08-03,completed,SeqCore_Brisbane,Lari103_GCTGAC_L004,RNA-Seq,TRANSCRIPTOMIC,PolyA,PAIRED,ILLUMINA,RNASEQ,NovaSeq 6000,fastq,Lari103_GCTGAC_L004_R1_001.fastq.gz,Lari103_GCTGAC_L004_R2_001.fastq.gz,SRR65568711
104,Tdes_544154,Tdes_544154.Gonad,Tiliqua desertorum,Desert Skink,unknown,gonad,embryo,11.7,1.7,"Flinders Ranges, SA",2022-05-22,completed,NovaTech_Adelaide,Tdes104_GTAGGC_L001,RNA-Seq,TRANSCRIPTOMIC,PolyA,PAIRED,ILLUMINA,RNASEQ,NextSeq 500,fastq,Tdes104_GTAGGC_L001_R1_001.fastq.gz,Tdes104_GTAGGC_L001_R2_001.fastq.gz,SRR97729428
105,Lari_167136,Lari_167136.Gonad,Lacerta aridensis,Arid Sand Dragon,male,gonad,embryo,21.2,0.5,"Uluru Region, NT",2020-06-06,completed,SeqCore_Brisbane,Lari105_ATGCAA_L003,RNA-Seq,TRANSCRIPTOMIC,RANDOM,PAIRED,ILLUMINA,RNASEQ,NovaSeq 6000,fastq,Lari105_ATGCAA_L003_R1_001.fastq.gz,Lari105_ATGCAA_L003_R2_001.fastq.gz,SRR73561576
106,Lari_842225,Lari_842225.Gonad,Lacerta aridensis,Arid Sand Dragon,male,gonad,embryo,24.8,3.45,"Mitchell River, QLD",2014-09-19,completed,SeqCore_Brisbane,Lari106_ACGTGG_L004,RNA-Seq,TRANSCRIPTOMIC,PolyA,PAIRED,ILLUMINA,RNASEQ,NextSeq 500,fastq,Lari106_ACGTGG_L004_R1_001.fastq.gz,Lari106_ACGTGG_L004_R2_001.fastq.gz,SRR66187845
107,Lari_132938,Lari_132938.Blood,Lacerta aridensis,Arid Sand Dragon,female,blood,embryo,11.0,0.6,"Flinders Ranges, SA",2014-12-20,completed,SeqCore_Brisbane,Lari107_ACTCTG_L003,RNA-Seq,TRANSCRIPTOMIC,PolyA,PAIRED,ILLUMINA,RNASEQ,NovaSeq 6000,fastq,Lari107_ACTCTG_L003_R1_001.fastq.gz,Lari107_ACTCTG_L003_R2_001.fastq.gz,
108,Lari_349565,Lari_349565.Gonad,Lacerta aridensis,Arid Sand Dragon,male,gonad,embryo,22.9,1.51,"Longreach Station, QLD",2021-05-12,completed,GenomicsHub_Sydney,Lari108_TTTTCG_L004,RNA-Seq,TRANSCRIPTOMIC,PolyA,PAIRED,ILLUMINA,RNASEQ,NovaSeq 6000,fastq,Lari108_TTTTCG_L004_R1_001.fastq.gz,Lari108_TTTTCG_L004_R2_001.fastq.gz,
109,Dbre_455784,Dbre_455784.Gonad,Delma brevicauda,Short-tail Legless Lizard,male,gonad,adult,244.9,17.25,"Mungo NP, NSW",2016-09-19,completed,BioSeq_Perth,Dbre109_TCTCCG_L002,RNA-Seq,TRANSCRIPTOMIC,PolyA,PAIRED,ILLUMINA,RNASEQ,NovaSeq 6000,fastq,Dbre109_TCTCCG_L002_R1_001.fastq.gz,Dbre109_TCTCCG_L002_R2_001.fastq.gz,SRR64649480
110,Lari_665492,Lari_665492.Gonad,Lacerta aridensis,Arid Sand Dragon,male,gonad,adult,168.4,16.78,"Uluru Region, NT",2018-01-13,completed,GenomicsHub_Sydney,Lari110_CTGGAA_L003,RNA-Seq,TRANSCRIPTOMIC,PolyA,PAIRED,ILLUMINA,RNASEQ,NextSeq 500,fastq,Lari110_CTGGAA_L003_R1_001.fastq.gz,Lari110_CTGGAA_L003_R2_001.fastq.gz,SRR69874989
111,Crub_790993,Crub_790993.Gonad,Ctenophorus rubricauda,Red-tail Ctenophorus,unknown,gonad,embryo,10.8,0.5,"Daintree River, QLD",2021-05-07,completed,GenomicsHub_Sydney,Crub111_GTTGCA_L002,WGS,GENOMIC,RANDOM,PAIRED,ILLUMINA,WGS,HiSeq X Ten,fastq,Crub111_GTTGCA_L002_R1_001.fastq.gz,Crub111_GTTGCA_L002_R2_001.fastq.gz,SRR11135982
112,Lari_761759,Lari_761759.Gonad,Lacerta aridensis,Arid Sand Dragon,female,gonad,embryo,16.2,0.5,"Eyre Peninsula, SA",2024-03-24,completed,GenomicsHub_Sydney,Lari112_CAATGT_L003,RNA-Seq,TRANSCRIPTOMIC,PolyA,PAIRED,ILLUMINA,RNASEQ,HiSeq 2500,fastq,Lari112_CAATGT_L003_R1_001.fastq.gz,Lari112_CAATGT_L003_R2_001.fastq.gz,SRR97438349
113,Lari_665492,Lari_665492.Brain,Lacerta aridensis,Arid Sand Dragon,male,brain,juvenile,61.3,6.46,"Shark Bay, WA",2016-11-11,completed,GenomicsHub_Sydney,Lari113_CGGGCT_L003,RNA-Seq,TRANSCRIPTOMIC,PolyA,PAIRED,ILLUMINA,RNASEQ,NextSeq 500,fastq,Lari113_CGGGCT_L003_R1_001.fastq.gz,Lari113_CGGGCT_L003_R2_001.fastq.gz,SRR32815223
114,Lari_324643,Lari_324643.Gonad,Lacerta aridensis,Arid Sand Dragon,female,gonad,embryo,21.6,2.32,"Shark Bay, WA",2021-03-11,completed,SeqCore_Brisbane,Lari114_TCTGTA_L002,RNA-Seq,TRANSCRIPTOMIC,RANDOM,PAIRED,ILLUMINA,RNASEQ,HiSeq 2500,fastq,Lari114_TCTGTA_L002_R1_001.fastq.gz,Lari114_TCTGTA_L002_R2_001.fastq.gz,SRR61226775
115,Eflu_201639,Eflu_201639.Gonad,Emydura fluvialis,Creek Short-neck,male,gonad,embryo,21.5,2.51,"Redbank Creek, QLD",2019-09-07,completed,GenomicsHub_Sydney,Eflu115_CTATCT_L001,ONT,GENOMIC,rapid,SINGLE,ONT,ONT,PromethION,fastq,Eflu115_CTATCT_L001_R1_001.fastq.gz,,
116,Lari_665492,Lari_665492.Brain,Lacerta aridensis,Arid Sand Dragon,male,brain,embryo,24.4,0.5,"Longreach Station, QLD",2016-04-24,completed,SeqCore_Brisbane,Lari116_ATCCGG_L003,RNA-Seq,TRANSCRIPTOMIC,PolyA,PAIRED,ILLUMINA,RNASEQ,HiSeq 2500,fastq,Lari116_ATCCGG_L003_R1_001.fastq.gz,Lari116_ATCCGG_L003_R2_001.fastq.gz,SRR27956913
117,Caus_704201,Caus_704201.Brain,Chelonia australis,Southern River Turtle,male,brain,embryo,14.4,0.62,"Arnhem Land, NT",2018-10-20,completed,SeqCore_Brisbane,Caus117_GAATAA_L004,RNA-Seq,TRANSCRIPTOMIC,PolyA,PAIRED,ILLUMINA,RNASEQ,HiSeq 2500,fastq,Caus117_GAATAA_L004_R1_001.fastq.gz,Caus117_GAATAA_L004_R2_001.fastq.gz,
118,Lari_858490,Lari_858490.Gonad,Lacerta aridensis,Arid Sand Dragon,male,gonad,adult,167.0,17.31,"Longreach Station, QLD",2024-08-05,completed,SeqCore_Brisbane,Lari118_GTTTCC_L002,RNA-Seq,TRANSCRIPTOMIC,PolyA,PAIRED,ILLUMINA,RNASEQ,HiSeq 2500,fastq,Lari118_GTTTCC_L002_R1_001.fastq.gz,Lari118_GTTTCC_L002_R2_001.fastq.gz,
119,Lari_310922,Lari_310922.Brain,Lacerta aridensis,Arid Sand Dragon,female,brain,embryo,8.0,0.5,"Kimberley Station, WA",2023-05-24,completed,GenomicsHub_Sydney,Lari119_CAAACT_L003,WGS,GENOMIC,RANDOM,PAIRED,ILLUMINA,WGS,HiSeq X Ten,fastq,Lari119_CAAACT_L003_R1_001.fastq.gz,Lari119_CAAACT_L003_R2_001.fastq.gz,SRR25555976
120,Lari_310922,Lari_310922.Gonad,Lacerta aridensis,Arid Sand Dragon,male,gonad,embryo,16.8,0.67,"Nullarbor Plain, SA",2016-08-16,completed,SeqCore_Brisbane,Lari120_TGTAGA_L002,RNA-Seq,TRANSCRIPTOMIC,RANDOM,PAIRED,ILLUMINA,RNASEQ,NextSeq 500,fastq,Lari120_TGTAGA_L002_R1_001.fastq.gz,Lari120_TGTAGA_L002_R2_001.fastq.gz,
121,Lari_426858,Lari_426858.Liver,Lacerta aridensis,Arid Sand Dragon,male,liver,embryo,21.2,0.73,"Eyre Peninsula, SA",2021-08-28,completed,GenomicsHub_Sydney,Lari121_TGCGGA_L002,RNA-Seq,TRANSCRIPTOMIC,PolyA,PAIRED,ILLUMINA,RNASEQ,NextSeq 500,fastq,Lari121_TGCGGA_L002_R1_001.fastq.gz,Lari121_TGCGGA_L002_R2_001.fastq.gz,SRR99081734
122,Lari_781446,Lari_781446.Gonad,Lacerta aridensis,Arid Sand Dragon,male,gonad,embryo,30.8,3.34,"Cape York, QLD",2023-11-10,completed,GenomicsHub_Sydney,Lari122_CACTCT_L004,ONT,GENOMIC,rapid,SINGLE,ONT,ONT,PromethION,fastq,Lari122_CACTCT_L004_R1_001.fastq.gz,,
123,Lari_170674,Lari_170674.Gonad,Lacerta aridensis,Arid Sand Dragon,female,gonad,embryo,8.0,0.58,"Litchfield NP, NT",2018-10-07,completed,SeqLab_Melbourne,Lari123_GCCAGA_L003,RNA-Seq,TRANSCRIPTOMIC,RANDOM,PAIRED,ILLUMINA,RNASEQ,HiSeq 2500,fastq,Lari123_GCCAGA_L003_R1_001.fastq.gz,Lari123_GCCAGA_L003_R2_001.fastq.gz,SRR49189370
124,Lari_559381,Lari_559381.Gonad,Lacerta aridensis,Arid Sand Dragon,male,gonad,adult,245.1,9.37,"Longreach Station, QLD",2023-03-24,completed,GenomicsHub_Sydney,Lari124_TTGTCG_L002,RNA-Seq,TRANSCRIPTOMIC,PolyA,PAIRED,ILLUMINA,RNASEQ,HiSeq 2500,fastq,Lari124_TTGTCG_L002_R1_001.fastq.gz,Lari124_TTGTCG_L002_R2_001.fastq.gz,SRR10582186
125,Eflu_299659,Eflu_299659.Gonad,Emydura fluvialis,Creek Short-neck,female,gonad,embryo,24.8,2.69,"Gibson Desert, WA",2024-03-23,completed,SeqCore_Brisbane,Eflu125_CTTCAC_L003,RNA-Seq,TRANSCRIPTOMIC,PolyA,PAIRED,ILLUMINA,RNASEQ,NextSeq 500,fastq,Eflu125_CTTCAC_L003_R1_001.fastq.gz,Eflu125_CTTCAC_L003_R2_001.fastq.gz,SRR83525272
126,Lari_324643,Lari_324643.Testis,Lacerta aridensis,Arid Sand Dragon,female,testis,embryo,12.7,2.02,"Cape York, QLD",2018-04-25,completed,SeqLab_Melbourne,Lari126_GTGTCA_L001,RNA-Seq,TRANSCRIPTOMIC,RANDOM,PAIRED,ILLUMINA,RNASEQ,HiSeq 2500,fastq,Lari126_GTGTCA_L001_R1_001.fastq.gz,Lari126_GTGTCA_L001_R2_001.fastq.gz,
127,Lari_446479,Lari_446479.Gonad,Lacerta aridensis,Arid Sand Dragon,male,gonad,adult,143.3,4.64,"Lake Eyre, SA",2024-12-23,completed,SeqLab_Melbourne,Lari127_ATTCGT_L004,WGS,GENOMIC,RANDOM,PAIRED,ILLUMINA,WGS,HiSeq X Ten,fastq,Lari127_ATTCGT_L004_R1_001.fastq.gz,Lari127_ATTCGT_L004_R2_001.fastq.gz,SRR51963706
128,Lari_324643,Lari_324643.Gonad,Lacerta aridensis,Arid Sand Dragon,female,gonad,embryo,33.5,3.83,"Flinders Ranges, SA",2024-10-27,completed,SeqCore_Brisbane,Lari128_AAGCCG_L002,RNA-Seq,TRANSCRIPTOMIC,PolyA,PAIRED,ILLUMINA,RNASEQ,NextSeq 500,fastq,Lari128_AAGCCG_L002_R1_001.fastq.gz,Lari128_AAGCCG_L002_R2_001.fastq.gz,
129,Lari_665427,Lari_665427.Gonad,Lacerta aridensis,Arid Sand Dragon,female,gonad,adult,177.7,4.96,"Flinders Ranges, SA",2019-08-08,completed,GenomicsHub_Sydney,Lari129_TAGCCT_L003,RNA-Seq,TRANSCRIPTOMIC,PolyA,PAIRED,ILLUMINA,RNASEQ,NextSeq 500,fastq,Lari129_TAGCCT_L003_R1_001.fastq.gz,Lari129_TAGCCT_L003_R2_001.fastq.gz,
130,Lari_324643,Lari_324643.Brain,Lacerta aridensis,Arid Sand Dragon,unknown,brain,embryo,29.5,2.78,"Longreach Station, QLD",2015-04-22,completed,SeqCore_Brisbane,Lari130_GCTTCT_L004,RNA-Seq,TRANSCRIPTOMIC,PolyA,PAIRED,ILLUMINA,RNASEQ,HiSeq 2500,fastq,Lari130_GCTTCT_L004_R1_001.fastq.gz,Lari130_GCTTCT_L004_R2_001.fastq.gz,SRR49786693
131,Lari_608993,Lari_608993.Brain,Lacerta aridensis,Arid Sand Dragon,female,brain,adult,177.6,6.15,"Lake Eyre, SA",2014-11-24,completed,SeqLab_Melbourne,Lari131_GACCAA_L003,RNA-Seq,TRANSCRIPTOMIC,PolyA,PAIRED,ILLUMINA,RNASEQ,HiSeq 2500,fastq,Lari131_GACCAA_L003_R1_001.fastq.gz,Lari131_GACCAA_L003_R2_001.fastq.gz,SRR87170132
132,Lari_801474,Lari_801474.Gonad,Lacerta aridensis,Arid Sand Dragon,male,gonad,adult,150.3,16.89,"Longreach Station, QLD",2024-06-01,completed,NovaTech_Adelaide,Lari132_GCTCTA_L002,RNA-Seq,TRANSCRIPTOMIC,PolyA,PAIRED,ILLUMINA,RNASEQ,HiSeq 2500,fastq,Lari132_GCTCTA_L002_R1_001.fastq.gz,Lari132_GCTCTA_L002_R2_001.fastq.gz,SRR28304809
133,Lari_174299,Lari_174299.Liver,Lacerta aridensis,Arid Sand Dragon,male,liver,embryo,17.0,1.89,"Broken Hill, NSW",2022-08-21,completed,GenomicsHub_Sydney,Lari133_GTCCGG_L002,RNA-Seq,TRANSCRIPTOMIC,PolyA,PAIRED,ILLUMINA,RNASEQ,HiSeq 2500,fastq,Lari133_GTCCGG_L002_R1_001.fastq.gz,Lari133_GTCCGG_L002_R2_001.fastq.gz,
134,Lari_174299,Lari_174299.Gonad,Lacerta aridensis,Arid Sand Dragon,male,gonad,embryo,22.7,2.08,"Tanami Desert, NT",2024-07-09,completed,GenomicsHub_Sydney,Lari134_GACAAC_L003,RNA-Seq,TRANSCRIPTOMIC,PolyA,PAIRED,ILLUMINA,RNASEQ,HiSeq 2500,fastq,Lari134_GACAAC_L003_R1_001.fastq.gz,Lari134_GACAAC_L003_R2_001.fastq.gz,SRR51027069
135,Dbre_939482,Dbre_939482.Gonad,Delma brevicauda,Short-tail Legless Lizard,unknown,gonad,adult,197.8,15.88,"Snowy Mountains, NSW",2014-09-09,completed,SeqLab_Melbourne,Dbre135_AGTTAG_L003,RNA-Seq,TRANSCRIPTOMIC,PolyA,PAIRED,ILLUMINA,RNASEQ,NextSeq 500,fastq,Dbre135_AGTTAG_L003_R1_001.fastq.gz,Dbre135_AGTTAG_L003_R2_001.fastq.gz,SRR94103363
136,Voch_526833,Voch_526833.Muscle,Varanus ochreatus,Ochre Monitor,female,muscle,embryo,23.6,0.99,"Shark Bay, WA",2017-08-08,completed,SeqCore_Brisbane,Voch136_AGACAA_L002,RNA-Seq,TRANSCRIPTOMIC,PolyA,PAIRED,ILLUMINA,RNASEQ,NextSeq 500,fastq,Voch136_AGACAA_L002_R1_001.fastq.gz,Voch136_AGACAA_L002_R2_001.fastq.gz,SRR28840235
137,Lari_823378,Lari_823378.Gonad,Lacerta aridensis,Arid Sand Dragon,female,gonad,embryo,14.0,0.51,"Litchfield NP, NT",2022-07-12,completed,SeqCore_Brisbane,Lari137_TCGGTT_L003,RNA-Seq,TRANSCRIPTOMIC,PolyA,PAIRED,ILLUMINA,RNASEQ,NovaSeq 6000,fastq,Lari137_TCGGTT_L003_R1_001.fastq.gz,Lari137_TCGGTT_L003_R2_001.fastq.gz,SRR86525600
138,Tdes_531071,Tdes_531071.Gonad,Tiliqua desertorum,Desert Skink,female,gonad,embryo,16.3,1.69,"Mungo NP, NSW",2016-11-17,completed,SeqCore_Brisbane,Tdes138_AACGAA_L003,RNA-Seq,TRANSCRIPTOMIC,PolyA,PAIRED,ILLUMINA,RNASEQ,NovaSeq 6000,fastq,Tdes138_AACGAA_L003_R1_001.fastq.gz,Tdes138_AACGAA_L003_R2_001.fastq.gz,SRR74628070
139,Caus_704201,Caus_704201.Liver,Chelonia australis,Southern River Turtle,male,liver,embryo,12.5,0.5,"Gibson Desert, WA",2024-06-15,completed,BioSeq_Perth,Caus139_TGTTAG_L004,WGS,GENOMIC,RANDOM,PAIRED,ILLUMINA,WGS,NovaSeq 6000,fastq,Caus139_TGTTAG_L004_R1_001.fastq.gz,Caus139_TGTTAG_L004_R2_001.fastq.gz,SRR32893086
140,Lari_392004,Lari_392004.Brain,Lacerta aridensis,Arid Sand Dragon,male,brain,embryo,26.2,1.05,"Barkly Tableland, NT",2014-12-17,completed,GenomicsHub_Sydney,Lari140_TGATGT_L001,RNA-Seq,TRANSCRIPTOMIC,RANDOM,PAIRED,ILLUMINA,RNASEQ,NextSeq 500,fastq,Lari140_TGATGT_L001_R1_001.fastq.gz,Lari140_TGATGT_L001_R2_001.fastq.gz,
141,Lari_174441,Lari_174441.Gonad,Lacerta aridensis,Arid Sand Dragon,female,gonad,adult,189.2,18.88,"Mitchell River, QLD",2020-06-04,completed,SeqLab_Melbourne,Lari141_CCTTAG_L004,RNA-Seq,TRANSCRIPTOMIC,PolyA,PAIRED,ILLUMINA,RNASEQ,NextSeq 500,fastq,Lari141_CCTTAG_L004_R1_001.fastq.gz,Lari141_CCTTAG_L004_R2_001.fastq.gz,
142,Caus_595631,Caus_595631.Gonad,Chelonia australis,Southern River Turtle,male,gonad,embryo,9.4,0.5,"Daintree River, QLD",2016-02-07,completed,SeqCore_Brisbane,Caus142_TCTCCG_L003,RNA-Seq,TRANSCRIPTOMIC,RANDOM,PAIRED,ILLUMINA,RNASEQ,NextSeq 500,fastq,Caus142_TCTCCG_L003_R1_001.fastq.gz,Caus142_TCTCCG_L003_R2_001.fastq.gz,SRR87531025
143,Lari_170674,Lari_170674.Gonad,Lacerta aridensis,Arid Sand Dragon,female,gonad,embryo,27.2,1.12,"Arnhem Land, NT",2017-11-26,completed,SeqCore_Brisbane,Lari143_TCGACC_L001,RNA-Seq,TRANSCRIPTOMIC,PolyA,PAIRED,ILLUMINA,RNASEQ,NovaSeq 6000,fastq,Lari143_TCGACC_L001_R1_001.fastq.gz,Lari143_TCGACC_L001_R2_001.fastq.gz,SRR63773642
144,Lari_132938,Lari_132938.Gonad,Lacerta aridensis,Arid Sand Dragon,female,gonad,embryo,14.8,2.65,"Eyre Peninsula, SA",2018-04-20,completed,GenomicsHub_Sydney,Lari144_AAATTC_L004,RNA-Seq,TRANSCRIPTOMIC,PolyA,PAIRED,ILLUMINA,RNASEQ,NovaSeq 6000,fastq,Lari144_AAATTC_L004_R1_001.fastq.gz,Lari144_AAATTC_L004_R2_001.fastq.gz,SRR36885204
145,Lari_559381,Lari_559381.Gonad,Lacerta aridensis,Arid Sand Dragon,male,gonad,embryo,12.2,0.56,"Broken Hill, NSW",2015-05-03,completed,SeqCore_Brisbane,Lari145_CAGCGT_L003,RNA-Seq,TRANSCRIPTOMIC,PolyA,PAIRED,ILLUMINA,RNASEQ,NextSeq 500,fastq,Lari145_CAGCGT_L003_R1_001.fastq.gz,Lari145_CAGCGT_L003_R2_001.fastq.gz,SRR60610858
146,Lari_717024,Lari_717024.Brain,Lacerta aridensis,Arid Sand Dragon,female,brain,juvenile,61.6,2.4,"Uluru Region, NT",2017-05-07,completed,SeqCore_Brisbane,Lari146_GCCCGC_L002,RNA-Seq,TRANSCRIPTOMIC,PolyA,PAIRED,ILLUMINA,RNASEQ,NextSeq 500,fastq,Lari146_GCCCGC_L002_R1_001.fastq.gz,Lari146_GCCCGC_L002_R2_001.fastq.gz,SRR57451057
147,Caus_595631,Caus_595631.Gonad,Chelonia australis,Southern River Turtle,female,gonad,embryo,22.1,1.26,"Broken Hill, NSW",2020-08-18,completed,SeqCore_Brisbane,Caus147_GTGACG_L004,RNA-Seq,TRANSCRIPTOMIC,RANDOM,PAIRED,ILLUMINA,RNASEQ,NextSeq 500,fastq,Caus147_GTGACG_L004_R1_001.fastq.gz,Caus147_GTGACG_L004_R2_001.fastq.gz,SRR87110685
148,Lari_891952,Lari_891952.Gonad,Lacerta aridensis,Arid Sand Dragon,female,gonad,embryo,17.9,3.39,"Litchfield NP, NT",2018-08-06,completed,GenomicsHub_Sydney,Lari148_AAGCGC_L003,RNA-Seq,TRANSCRIPTOMIC,PolyA,PAIRED,ILLUMINA,RNASEQ,HiSeq 2500,fastq,Lari148_AAGCGC_L003_R1_001.fastq.gz,Lari148_AAGCGC_L003_R2_001.fastq.gz,
149,Lari_639131,Lari_639131.Gonad,Lacerta aridensis,Arid Sand Dragon,male,gonad,embryo,10.8,0.5,"Cape York, QLD",2014-04-27,completed,SeqLab_Melbourne,Lari149_ATGCAC_L002,RNA-Seq,TRANSCRIPTOMIC,RANDOM,PAIRED,ILLUMINA,RNASEQ,HiSeq 2500,fastq,Lari149_ATGCAC_L002_R1_001.fastq.gz,Lari149_ATGCAC_L002_R2_001.fastq.gz,SRR94644676
150,Lari_359947,Lari_359947.Gonad,Lacerta aridensis,Arid Sand Dragon,female,gonad,embryo,17.8,0.85,"Cape York, QLD",2016-03-21,completed,SeqCore_Brisbane,Lari150_AATTAG_L002,RNA-Seq,TRANSCRIPTOMIC,PolyA,PAIRED,ILLUMINA,RNASEQ,HiSeq 2500,fastq,Lari150_AATTAG_L002_R1_001.fastq.gz,Lari150_AATTAG_L002_R2_001.fastq.gz,SRR48199537
151,Lari_716886,Lari_716886.Gonad,Lacerta aridensis,Arid Sand Dragon,male,gonad,embryo,23.4,0.65,"Mungo NP, NSW",2015-04-06,completed,SeqCore_Brisbane,Lari151_CCCGCC_L003,WGS,GENOMIC,RANDOM,PAIRED,ILLUMINA,WGS,HiSeq X Ten,fastq,Lari151_CCCGCC_L003_R1_001.fastq.gz,Lari151_CCCGCC_L003_R2_001.fastq.gz,SRR79918804
152,Lari_330914,Lari_330914.Gonad,Lacerta aridensis,Arid Sand Dragon,unknown,gonad,embryo,13.1,0.86,"Barkly Tableland, NT",2022-05-18,completed,SeqLab_Melbourne,Lari152_CAGTCA_L003,RNA-Seq,TRANSCRIPTOMIC,PolyA,PAIRED,ILLUMINA,RNASEQ,NovaSeq 6000,fastq,Lari152_CAGTCA_L003_R1_001.fastq.gz,Lari152_CAGTCA_L003_R2_001.fastq.gz,SRR26966692
153,Lari_842225,Lari_842225.Gonad,Lacerta aridensis,Arid Sand Dragon,female,gonad,hatchling,28.3,1.54,"Arnhem Land, NT",2021-08-10,completed,GenomicsHub_Sydney,Lari153_GGCCGT_L004,RNA-Seq,TRANSCRIPTOMIC,RANDOM,PAIRED,ILLUMINA,RNASEQ,NextSeq 500,fastq,Lari153_GGCCGT_L004_R1_001.fastq.gz,Lari153_GGCCGT_L004_R2_001.fastq.gz,
154,Lari_322086,Lari_322086.Brain,Lacerta aridensis,Arid Sand Dragon,female,brain,adult,221.5,15.19,"Blue Mountains, NSW",2015-03-05,completed,SeqCore_Brisbane,Lari154_CAGCCC_L004,RNA-Seq,TRANSCRIPTOMIC,RANDOM,PAIRED,ILLUMINA,RNASEQ,NextSeq 500,fastq,Lari154_CAGCCC_L004_R1_001.fastq.gz,Lari154_CAGCCC_L004_R2_001.fastq.gz,SRR79338228
155,Lari_167136,Lari_167136.Gonad,Lacerta aridensis,Arid Sand Dragon,female,gonad,embryo,15.9,0.5,"Redbank Creek, QLD",2019-02-27,completed,SeqCore_Brisbane,Lari155_TATCAC_L001,RNA-Seq,TRANSCRIPTOMIC,PolyA,PAIRED,ILLUMINA,RNASEQ,NovaSeq 6000,fastq,Lari155_TATCAC_L001_R1_001.fastq.gz,Lari155_TATCAC_L001_R2_001.fastq.gz,
156,Lari_804314,Lari_804314.Gonad,Lacerta aridensis,Arid Sand Dragon,male,gonad,adult,127.7,6.22,"Daintree River, QLD",2014-12-18,completed,NovaTech_Adelaide,Lari156_ATATCG_L001,RNA-Seq,TRANSCRIPTOMIC,PolyA,PAIRED,ILLUMINA,RNASEQ,HiSeq 2500,fastq,Lari156_ATATCG_L001_R1_001.fastq.gz,Lari156_ATATCG_L001_R2_001.fastq.gz,
157,Lari_132938,Lari_132938.Gonad,Lacerta aridensis,Arid Sand Dragon,male,gonad,embryo,23.8,2.26,"Coober Pedy, SA",2024-01-02,completed,SeqLab_Melbourne,Lari157_GCACAT_L001,RNA-Seq,TRANSCRIPTOMIC,PolyA,PAIRED,ILLUMINA,RNASEQ,NovaSeq 6000,fastq,Lari157_GCACAT_L001_R1_001.fastq.gz,Lari157_GCACAT_L001_R2_001.fastq.gz,SRR87990837
158,Lari_680828,Lari_680828.Brain,Lacerta aridensis,Arid Sand Dragon,female,brain,adult,197.7,20.87,"Cape York, QLD",2023-09-06,completed,SeqCore_Brisbane,Lari158_TCAGCA_L001,RNA-Seq,TRANSCRIPTOMIC,PolyA,PAIRED,ILLUMINA,RNASEQ,NextSeq 500,fastq,Lari158_TCAGCA_L001_R1_001.fastq.gz,Lari158_TCAGCA_L001_R2_001.fastq.gz,SRR68720256
159,Tdes_544154,Tdes_544154.Gonad,Tiliqua desertorum,Desert Skink,female,gonad,embryo,24.2,1.94,"Arnhem Land, NT",2015-09-22,completed,SeqCore_Brisbane,Tdes159_GTGCGC_L001,RNA-Seq,TRANSCRIPTOMIC,RANDOM,PAIRED,ILLUMINA,RNASEQ,NextSeq 500,fastq,Tdes159_GTGCGC_L001_R1_001.fastq.gz,Tdes159_GTGCGC_L001_R2_001.fastq.gz,SRR82337519
160,Gmon_785197,Gmon_785197.Gonad,Gehyra montanus,Mountain Gecko,male,gonad,hatchling,31.1,3.22,"Longreach Station, QLD",2020-06-26,completed,GenomicsHub_Sydney,Gmon160_GGGCCG_L001,RNA-Seq,TRANSCRIPTOMIC,RANDOM,PAIRED,ILLUMINA,RNASEQ,NovaSeq 6000,fastq,Gmon160_GGGCCG_L001_R1_001.fastq.gz,Gmon160_GGGCCG_L001_R2_001.fastq.gz,
161,Lari_698782,Lari_698782.Gonad,Lacerta aridensis,Arid Sand Dragon,female,gonad,embryo,7.9,0.67,"Coober Pedy, SA",2016-09-13,completed,SeqCore_Brisbane,Lari161_AACAGG_L002,RNA-Seq,TRANSCRIPTOMIC,PolyA,PAIRED,ILLUMINA,RNASEQ,NextSeq 500,fastq,Lari161_AACAGG_L002_R1_001.fastq.gz,Lari161_AACAGG_L002_R2_001.fastq.gz,SRR84912498
162,Tdes_589710,Tdes_589710.Gonad,Tiliqua desertorum,Desert Skink,unknown,gonad,embryo,34.3,3.92,"Cape York, QLD",2014-05-08,completed,NovaTech_Adelaide,Tdes162_CGTCAG_L004,RNA-Seq,TRANSCRIPTOMIC,PolyA,PAIRED,ILLUMINA,RNASEQ,HiSeq 2500,fastq,Tdes162_CGTCAG_L004_R1_001.fastq.gz,Tdes162_CGTCAG_L004_R2_001.fastq.gz,SRR44103265
163,Lari_642717,Lari_642717.Liver,Lacerta aridensis,Arid Sand Dragon,female,liver,embryo,15.1,2.68,"Barkly Tableland, NT",2023-02-20,completed,NovaTech_Adelaide,Lari163_ACACTA_L003,RNA-Seq,TRANSCRIPTOMIC,PolyA,PAIRED,ILLUMINA,RNASEQ,NextSeq 500,fastq,Lari163_ACACTA_L003_R1_001.fastq.gz,Lari163_ACACTA_L003_R2_001.fastq.gz,SRR22335296
164,Eflu_201639,Eflu_201639.Gonad,Emydura fluvialis,Creek Short-neck,female,gonad,adult,200.7,5.98,"Tanami Desert, NT",2020-08-25,completed,NovaTech_Adelaide,Eflu164_CTTAGG_L001,RNA-Seq,TRANSCRIPTOMIC,RANDOM,PAIRED,ILLUMINA,RNASEQ,HiSeq 2500,fastq,Eflu164_CTTAGG_L001_R1_001.fastq.gz,Eflu164_CTTAGG_L001_R2_001.fastq.gz,SRR94851591
165,Lari_392004,Lari_392004.Brain,Lacerta aridensis,Arid Sand Dragon,female,brain,embryo,11.0,0.58,"Broken Hill, NSW",2024-10-03,completed,SeqCore_Brisbane,Lari165_GCCCGT_L004,RNA-Seq,TRANSCRIPTOMIC,PolyA,PAIRED,ILLUMINA,RNASEQ,HiSeq 2500,fastq,Lari165_GCCCGT_L004_R1_001.fastq.gz,Lari165_GCCCGT_L004_R2_001.fastq.gz,SRR75479608
166,Mspi_864491,Mspi_864491.Brain,Morelia spinifex,Spinifex Python,male,brain,embryo,31.7,2.51,"Kimberley Station, WA",2014-06-23,data missing,GenomicsHub_Sydney,Mspi166_GTCAAT_L002,RNA-Seq,TRANSCRIPTOMIC,PolyA,PAIRED,ILLUMINA,RNASEQ,NovaSeq 6000,fastq,Mspi166_GTCAAT_L002_R1_001.fastq.gz,Mspi166_GTCAAT_L002_R2_001.fastq.gz,SRR30936786
167,Lari_426858,Lari_426858.Gonad,Lacerta aridensis,Arid Sand Dragon,male,gonad,embryo,5.0,0.96,"Barkly Tableland, NT",2024-11-12,completed,SeqCore_Brisbane,Lari167_GTGGCT_L001,RNA-Seq,TRANSCRIPTOMIC,RANDOM,PAIRED,ILLUMINA,RNASEQ,HiSeq 2500,fastq,Lari167_GTGGCT_L001_R1_001.fastq.gz,Lari167_GTGGCT_L001_R2_001.fastq.gz,
168,Lari_847581,Lari_847581.Gonad,Lacerta aridensis,Arid Sand Dragon,female,gonad,adult,241.5,12.31,"Mitchell River, QLD",2022-05-26,completed,GenomicsHub_Sydney,Lari168_CGAATG_L001,RNA-Seq,TRANSCRIPTOMIC,PolyA,PAIRED,ILLUMINA,RNASEQ,NovaSeq 6000,fastq,Lari168_CGAATG_L001_R1_001.fastq.gz,Lari168_CGAATG_L001_R2_001.fastq.gz,
169,Lari_865388,Lari_865388.Brain,Lacerta aridensis,Arid Sand Dragon,unknown,brain,adult,156.0,11.39,"Daintree River, QLD",2017-03-10,completed,NovaTech_Adelaide,Lari169_CCAGGG_L002,RNA-Seq,TRANSCRIPTOMIC,PolyA,PAIRED,ILLUMINA,RNASEQ,NovaSeq 6000,fastq,Lari169_CCAGGG_L002_R1_001.fastq.gz,Lari169_CCAGGG_L002_R2_001.fastq.gz,SRR86893142
170,Caus_595631,Caus_595631.Gonad,Chelonia australis,Southern River Turtle,female,gonad,hatchling,43.3,1.51,"Tanami Desert, NT",2023-10-09,completed,NovaTech_Adelaide,Caus170_ATAACT_L004,RNA-Seq,TRANSCRIPTOMIC,PolyA,PAIRED,ILLUMINA,RNASEQ,NovaSeq 6000,fastq,Caus170_ATAACT_L004_R1_001.fastq.gz,Caus170_ATAACT_L004_R2_001.fastq.gz,
171,Lari_392004,Lari_392004.Brain,Lacerta aridensis,Arid Sand Dragon,male,brain,embryo,24.7,3.5,"Snowy Mountains, NSW",2021-10-16,completed,SeqCore_Brisbane,Lari171_GCTCAA_L001,RNA-Seq,TRANSCRIPTOMIC,RANDOM,PAIRED,ILLUMINA,RNASEQ,NovaSeq 6000,fastq,Lari171_GCTCAA_L001_R1_001.fastq.gz,Lari171_GCTCAA_L001_R2_001.fastq.gz,SRR12015179
172,Lari_858490,Lari_858490.Gonad,Lacerta aridensis,Arid Sand Dragon,male,gonad,embryo,5.0,0.5,"Nullarbor Plain, SA",2024-01-07,completed,GenomicsHub_Sydney,Lari172_CTGGGG_L001,RNA-Seq,TRANSCRIPTOMIC,PolyA,PAIRED,ILLUMINA,RNASEQ,NextSeq 500,fastq,Lari172_CTGGGG_L001_R1_001.fastq.gz,Lari172_CTGGGG_L001_R2_001.fastq.gz,SRR70614013
173,Lari_167136,Lari_167136.Gonad,Lacerta aridensis,Arid Sand Dragon,female,gonad,adult,269.6,12.87,"Gibson Desert, WA",2024-12-26,completed,SeqCore_Brisbane,Lari173_CGAGAG_L002,RNA-Seq,TRANSCRIPTOMIC,PolyA,PAIRED,ILLUMINA,RNASEQ,NovaSeq 6000,fastq,Lari173_CGAGAG_L002_R1_001.fastq.gz,Lari173_CGAGAG_L002_R2_001.fastq.gz,
174,Gmon_785197,Gmon_785197.Brain,Gehyra montanus,Mountain Gecko,male,brain,embryo,8.9,0.5,"Mitchell River, QLD",2016-04-01,completed,SeqCore_Brisbane,Gmon174_CCTTGG_L002,RNA-Seq,TRANSCRIPTOMIC,PolyA,PAIRED,ILLUMINA,RNASEQ,HiSeq 2500,fastq,Gmon174_CCTTGG_L002_R1_001.fastq.gz,Gmon174_CCTTGG_L002_R2_001.fastq.gz,
175,Eflu_201639,Eflu_201639.Brain,Emydura fluvialis,Creek Short-neck,female,brain,embryo,20.3,2.04,"Snowy Mountains, NSW",2023-05-11,completed,GenomicsHub_Sydney,Eflu175_GCCAGA_L003,RNA-Seq,TRANSCRIPTOMIC,PolyA,PAIRED,ILLUMINA,RNASEQ,NovaSeq 6000,fastq,Eflu175_GCCAGA_L003_R1_001.fastq.gz,Eflu175_GCCAGA_L003_R2_001.fastq.gz,SRR84832912
176,Lari_310922,Lari_310922.Gonad,Lacerta aridensis,Arid Sand Dragon,male,gonad,embryo,25.2,0.5,"Mitchell River, QLD",2017-10-02,data missing,GenomicsHub_Sydney,Lari176_TGCATC_L004,RNA-Seq,TRANSCRIPTOMIC,PolyA,PAIRED,ILLUMINA,RNASEQ,NextSeq 500,fastq,Lari176_TGCATC_L004_R1_001.fastq.gz,Lari176_TGCATC_L004_R2_001.fastq.gz,SRR67354434
177,Caus_704201,Caus_704201.Brain,Chelonia australis,Southern River Turtle,female,brain,juvenile,110.4,7.98,"Mitchell River, QLD",2015-12-28,data missing,NovaTech_Adelaide,Caus177_GCGTCA_L004,RNA-Seq,TRANSCRIPTOMIC,RANDOM,PAIRED,ILLUMINA,RNASEQ,HiSeq 2500,fastq,Caus177_GCGTCA_L004_R1_001.fastq.gz,Caus177_GCGTCA_L004_R2_001.fastq.gz,SRR94806492
178,Palp_163556,Palp_163556.Blood,Pseudemoia alpina,Alpine Skink,male,blood,juvenile,120.3,9.95,"Coober Pedy, SA",2021-01-21,completed,SeqLab_Melbourne,Palp178_GCACGT_L001,RNA-Seq,TRANSCRIPTOMIC,PolyA,PAIRED,ILLUMINA,RNASEQ,NovaSeq 6000,fastq,Palp178_GCACGT_L001_R1_001.fastq.gz,Palp178_GCACGT_L001_R2_001.fastq.gz,SRR55816776
179,Voch_595948,Voch_595948.Gonad,Varanus ochreatus,Ochre Monitor,unknown,gonad,embryo,5.0,1.28,"Blue Mountains, NSW",2016-10-04,completed,GenomicsHub_Sydney,Voch179_TCGCGA_L003,RNA-Seq,TRANSCRIPTOMIC,PolyA,PAIRED,ILLUMINA,RNASEQ,NextSeq 500,fastq,Voch179_TCGCGA_L003_R1_001.fastq.gz,Voch179_TCGCGA_L003_R2_001.fastq.gz,SRR57458790
180,Lari_454508,Lari_454508.Brain,Lacerta aridensis,Arid Sand Dragon,male,brain,embryo,26.4,1.95,"Uluru Region, NT",2015-09-22,completed,NovaTech_Adelaide,Lari180_ACATTT_L004,RNA-Seq,TRANSCRIPTOMIC,PolyA,PAIRED,ILLUMINA,RNASEQ,HiSeq 2500,fastq,Lari180_ACATTT_L004_R1_001.fastq.gz,Lari180_ACATTT_L004_R2_001.fastq.gz,SRR74781956
181,Lari_518373,Lari_518373.Gonad,Lacerta aridensis,Arid Sand Dragon,male,gonad,embryo,11.1,0.71,"Yarralumla, ACT",2014-10-18,completed,SeqCore_Brisbane,Lari181_CTATGA_L003,WGS,GENOMIC,RANDOM,PAIRED,ILLUMINA,WGS,NovaSeq 6000,fastq,Lari181_CTATGA_L003_R1_001.fastq.gz,Lari181_CTATGA_L003_R2_001.fastq.gz,SRR38165011
182,Lari_170674,Lari_170674.Gonad,Lacerta aridensis,Arid Sand Dragon,female,gonad,embryo,5.0,0.5,"Flinders Ranges, SA",2019-04-23,completed,GenomicsHub_Sydney,Lari182_GCCACG_L001,RNA-Seq,TRANSCRIPTOMIC,PolyA,PAIRED,ILLUMINA,RNASEQ,NovaSeq 6000,fastq,Lari182_GCCACG_L001_R1_001.fastq.gz,Lari182_GCCACG_L001_R2_001.fastq.gz,
183,Lari_665427,Lari_665427.Blood,Lacerta aridensis,Arid Sand Dragon,unknown,blood,embryo,8.5,1.3,"Mitchell River, QLD",2021-08-28,completed,SeqCore_Brisbane,Lari183_CGGCAA_L003,RNA-Seq,TRANSCRIPTOMIC,PolyA,PAIRED,ILLUMINA,RNASEQ,HiSeq 2500,fastq,Lari183_CGGCAA_L003_R1_001.fastq.gz,Lari183_CGGCAA_L003_R2_001.fastq.gz,SRR62623673
184,Lari_781446,Lari_781446.Gonad,Lacerta aridensis,Arid Sand Dragon,female,gonad,embryo,5.7,0.94,"Longreach Station, QLD",2024-11-03,completed,SeqLab_Melbourne,Lari184_TGCCGG_L004,RNA-Seq,TRANSCRIPTOMIC,PolyA,PAIRED,ILLUMINA,RNASEQ,HiSeq 2500,fastq,Lari184_TGCCGG_L004_R1_001.fastq.gz,Lari184_TGCCGG_L004_R2_001.fastq.gz,
185,Lari_698782,Lari_698782.Brain,Lacerta aridensis,Arid Sand Dragon,female,brain,embryo,9.5,0.5,"Litchfield NP, NT",2022-05-13,completed,SeqCore_Brisbane,Lari185_TAATTC_L004,RNA-Seq,TRANSCRIPTOMIC,PolyA,PAIRED,ILLUMINA,RNASEQ,NovaSeq 6000,fastq,Lari185_TAATTC_L004_R1_001.fastq.gz,Lari185_TAATTC_L004_R2_001.fastq.gz,SRR18252004
186,Lari_801474,Lari_801474.Brain,Lacerta aridensis,Arid Sand Dragon,female,brain,embryo,16.3,0.89,"Eyre Peninsula, SA",2017-07-23,completed,SeqLab_Melbourne,Lari186_GTTGGG_L002,RNA-Seq,TRANSCRIPTOMIC,RANDOM,PAIRED,ILLUMINA,RNASEQ,HiSeq 2500,fastq,Lari186_GTTGGG_L002_R1_001.fastq.gz,Lari186_GTTGGG_L002_R2_001.fastq.gz,SRR18376603
187,Caus_922733,Caus_922733.Brain,Chelonia australis,Southern River Turtle,male,brain,adult,173.6,15.8,"Snowy Mountains, NSW",2020-08-26,completed,GenomicsHub_Sydney,Caus187_GTCCCT_L002,RNA-Seq,TRANSCRIPTOMIC,PolyA,PAIRED,ILLUMINA,RNASEQ,NovaSeq 6000,fastq,Caus187_GTCCCT_L002_R1_001.fastq.gz,Caus187_GTCCCT_L002_R2_001.fastq.gz,
188,Lari_858490,Lari_858490.Brain,Lacerta aridensis,Arid Sand Dragon,male,brain,embryo,18.6,1.38,"Nullarbor Plain, SA",2022-05-15,completed,SeqLab_Melbourne,Lari188_AGGTAG_L004,RNA-Seq,TRANSCRIPTOMIC,PolyA,PAIRED,ILLUMINA,RNASEQ,HiSeq 2500,fastq,Lari188_AGGTAG_L004_R1_001.fastq.gz,Lari188_AGGTAG_L004_R2_001.fastq.gz,SRR87356703
189,Lari_132938,Lari_132938.Gonad,Lacerta aridensis,Arid Sand Dragon,male,gonad,adult,234.0,14.48,"Cape York, QLD",2016-10-02,completed,GenomicsHub_Sydney,Lari189_GTGACT_L003,RNA-Seq,TRANSCRIPTOMIC,PolyA,PAIRED,ILLUMINA,RNASEQ,NextSeq 500,fastq,Lari189_GTGACT_L003_R1_001.fastq.gz,Lari189_GTGACT_L003_R2_001.fastq.gz,SRR49542951
190,Crub_471507,Crub_471507.Pancreas,Ctenophorus rubricauda,Red-tail Ctenophorus,female,pancreas,adult,190.3,3.52,"Broken Hill, NSW",2016-10-27,completed,SeqCore_Brisbane,Crub190_ACTAAA_L002,RNA-Seq,TRANSCRIPTOMIC,PolyA,PAIRED,ILLUMINA,RNASEQ,HiSeq 2500,fastq,Crub190_ACTAAA_L002_R1_001.fastq.gz,Crub190_ACTAAA_L002_R2_001.fastq.gz,SRR59629263
191,Lari_804314,Lari_804314.Blood,Lacerta aridensis,Arid Sand Dragon,male,blood,adult,142.0,13.96,"Flinders Ranges, SA",2020-11-11,completed,GenomicsHub_Sydney,Lari191_ACTACC_L004,RNA-Seq,TRANSCRIPTOMIC,PolyA,PAIRED,ILLUMINA,RNASEQ,NovaSeq 6000,fastq,Lari191_ACTACC_L004_R1_001.fastq.gz,Lari191_ACTACC_L004_R2_001.fastq.gz,SRR81473736
192,Mspi_806073,Mspi_806073.Brain,Morelia spinifex,Spinifex Python,unknown,brain,embryo,38.4,2.48,"Arnhem Land, NT",2022-02-22,completed,GenomicsHub_Sydney,Mspi192_CTCGCG_L002,RNA-Seq,TRANSCRIPTOMIC,PolyA,PAIRED,ILLUMINA,RNASEQ,HiSeq 2500,fastq,Mspi192_CTCGCG_L002_R1_001.fastq.gz,Mspi192_CTCGCG_L002_R2_001.fastq.gz,SRR89017236
193,Lari_842225,Lari_842225.Gonad,Lacerta aridensis,Arid Sand Dragon,male,gonad,adult,218.5,23.73,"Gibson Desert, WA",2019-05-06,data missing,SeqCore_Brisbane,Lari193_TGGATA_L002,RNA-Seq,TRANSCRIPTOMIC,PolyA,PAIRED,ILLUMINA,RNASEQ,NextSeq 500,fastq,Lari193_TGGATA_L002_R1_001.fastq.gz,Lari193_TGGATA_L002_R2_001.fastq.gz,SRR34731360
194,Lari_823378,Lari_823378.Gonad,Lacerta aridensis,Arid Sand Dragon,male,gonad,embryo,13.3,0.83,"Daintree River, QLD",2021-01-16,completed,BioSeq_Perth,Lari194_CCTGAC_L002,ONT,GENOMIC,rapid,SINGLE,ONT,ONT,PromethION,fastq,Lari194_CCTGAC_L002_R1_001.fastq.gz,,SRR67881875
195,Lari_804314,Lari_804314.Brain,Lacerta aridensis,Arid Sand Dragon,male,brain,embryo,5.0,0.5,"Nullarbor Plain, SA",2014-11-21,completed,GenomicsHub_Sydney,Lari195_GTCCTT_L001,RNA-Seq,TRANSCRIPTOMIC,PolyA,PAIRED,ILLUMINA,RNASEQ,NextSeq 500,fastq,Lari195_GTCCTT_L001_R1_001.fastq.gz,Lari195_GTCCTT_L001_R2_001.fastq.gz,SRR10443906
196,Lari_310922,Lari_310922.Gonad,Lacerta aridensis,Arid Sand Dragon,male,gonad,adult,133.5,2.19,"Flinders Ranges, SA",2022-11-10,completed,GenomicsHub_Sydney,Lari196_TGCCAG_L004,RNA-Seq,TRANSCRIPTOMIC,PolyA,PAIRED,ILLUMINA,RNASEQ,NextSeq 500,fastq,Lari196_TGCCAG_L004_R1_001.fastq.gz,Lari196_TGCCAG_L004_R2_001.fastq.gz,
197,Mspi_156802,Mspi_156802.Gonad,Morelia spinifex,Spinifex Python,female,gonad,adult,206.7,19.03,"Tanami Desert, NT",2016-01-06,completed,SeqCore_Brisbane,Mspi197_CAGGTT_L002,ONT,GENOMIC,rapid,SINGLE,ONT,ONT,PromethION,fastq,Mspi197_CAGGTT_L002_R1_001.fastq.gz,,SRR41270805
198,Lari_608993,Lari_608993.Gonad,Lacerta aridensis,Arid Sand Dragon,female,gonad,embryo,26.9,0.5,"Broken Hill, NSW",2015-05-05,completed,SeqLab_Melbourne,Lari198_CTATCT_L004,RNA-Seq,TRANSCRIPTOMIC,PolyA,PAIRED,ILLUMINA,RNASEQ,NovaSeq 6000,fastq,Lari198_CTATCT_L004_R1_001.fastq.gz,Lari198_CTATCT_L004_R2_001.fastq.gz,
199,Lari_107540,Lari_107540.Gonad,Lacerta aridensis,Arid Sand Dragon,male,gonad,embryo,9.7,1.47,"Longreach Station, QLD",2016-12-16,completed,SeqCore_Brisbane,Lari199_TACAAA_L003,RNA-Seq,TRANSCRIPTOMIC,RANDOM,PAIRED,ILLUMINA,RNASEQ,NextSeq 500,fastq,Lari199_TACAAA_L003_R1_001.fastq.gz,Lari199_TACAAA_L003_R2_001.fastq.gz,SRR73889312
200,Voch_526833,Voch_526833.Lung,Varanus ochreatus,Ochre Monitor,female,lung,embryo,8.2,0.5,"Coober Pedy, SA",2024-06-10,completed,GenomicsHub_Sydney,Voch200_GTTGCG_L002,RNA-Seq,TRANSCRIPTOMIC,PolyA,PAIRED,ILLUMINA,RNASEQ,NovaSeq 6000,fastq,Voch200_GTTGCG_L002_R1_001.fastq.gz,Voch200_GTTGCG_L002_R2_001.fastq.gz,
